RESPID,StartDate,StartTime,EndDate,EndTime,VER,VER2,VER3,VER4,QAREA,S1,S2,D100,D101,Q1,P1X,P1Y,A2,Q3,Q4,Q5,Q6,Q7,A8,B8,Q9,A10,B10,V1,B11,Q12,A13,B13,V2,E14,Q15,Q16,Q17,Q18,V3,Q19,V4,Q20,G21,H21,G22,H22,Q23,Q24,Q25,Q26,V5,Q27,D102,D300,D301,D105,D130,Q28,D106,D112,AGE,SEX,CF,REGNUM,BEST_PHONE,TSCORE,PSCORE,G2016,DENSITY,COUNTY,AGENTNUM,vf_match
110002,7/9/2018,4:30 PM,7/9/2018,4:45 PM,1,2,2,2,1,1,1,2,1948,1,5,1.0,1.0,4,1,4,5,4,1.0,,2,3.0,,1,,1,1.0,,1,,1,1,1,1,1,3,1,1,,1.0,,1.0,1,1,1,1,1,1,5,2,2.0,2,4,,4,2,71,F,0,1,land,80,58,M,5,SPOKANE,4426,True
110003,7/9/2018,4:31 PM,7/9/2018,4:48 PM,2,2,2,2,1,1,1,1,1961,1,1,,,4,1,4,1,4,,1.0,4,,4.0,1,1.0,1,,1.0,1,,1,1,1,1,1,3,1,1,,1.0,,1.0,1,1,1,1,1,4,7,2,2.0,2,4,,5,2,67,M,0,1,land,97,97,M,4,SPOKANE,3682,False
110014,7/9/2018,4:52 PM,7/9/2018,5:08 PM,1,2,1,1,2,1,1,1,1952,1,5,3.0,5.0,4,1,4,6,4,1.0,,4,1.0,,1,,1,1.0,,1,1.0,1,1,3,1,1,3,1,1,1.0,,1.0,,1,1,1,1,1,7,4,2,2.0,6,4,,1,2,66,M,0,2,land,96,21,M,2,SPOKANE,4134,True
110015,7/9/2018,4:53 PM,7/9/2018,5:09 PM,1,1,2,1,3,1,1,1,1936,3,5,2.0,3.0,2,4,2,5,2,4.0,,3,4.0,,3,,2,3.0,,3,,3,3,3,3,3,3,3,2,3.0,,3.0,,3,3,3,3,3,13,6,97,2.0,3,1,2,5,2,82,M,0,3,land,81,28,M,2,SPOKANE,4418,True
110016,7/9/2018,4:54 PM,7/9/2018,5:12 PM,1,2,2,1,1,1,1,1,1946,2,1,,1.0,3,1,4,1,4,1.0,,4,2.0,,1,,1,4.0,,1,,1,1,1,1,1,3,1,1,1.0,,1.0,,1,1,1,1,1,13,7,2,2.0,2,1,3,1,2,72,M,0,1,land,96,98,M,5,SPOKANE,4611,True
110017,7/9/2018,4:54 PM,7/9/2018,5:09 PM,1,1,1,2,2,1,1,1,1942,1,3,,3.0,2,4,1,6,1,4.0,,4,4.0,,3,,2,2.0,,3,3.0,3,3,3,3,3,1,3,2,,3.0,,3.0,3,3,3,3,3,13,2,5,,5,1,6,1,2,76,M,0,2,land,96,2,M,4,SPOKANE,3682,True
110019,7/9/2018,4:56 PM,7/9/2018,5:10 PM,1,1,2,2,4,1,1,2,1928,1,1,,1.0,4,1,4,2,4,1.0,,4,2.0,,1,,1,1.0,,1,,1,1,1,1,1,3,1,1,,1.0,,1.0,1,1,1,1,1,1,4,97,2.0,1,1,3,5,2,90,F,0,4,land,87,97,M,1,PEND OREILLE,4426,True
110020,7/9/2018,4:58 PM,7/9/2018,5:09 PM,2,2,2,2,2,1,1,2,1928,2,1,,,2,6,3,2,3,,2.0,2,,4.0,1,1.0,1,,2.0,1,,1,3,1,1,1,2,5,3,,2.0,,2.0,2,2,2,2,2,1,5,2,2.0,2,4,,4,2,90,F,0,2,land,86,96,M,3,SPOKANE,4409,True
110022,7/9/2018,4:58 PM,7/9/2018,5:10 PM,1,1,2,2,4,1,1,2,1928,3,3,,3.0,1,4,1,6,2,4.0,,6,4.0,,3,,2,1.0,,3,,3,3,3,3,3,1,3,2,,2.0,,2.0,2,2,3,2,3,4,2,2,2.0,5,4,,5,2,90,F,0,4,land,87,1,M,3,WALLA WALLA,4535,True
110027,7/9/2018,5:01 PM,7/9/2018,5:24 PM,1,1,1,2,4,1,2,1,1935,2,5,2.0,3.0,1,6,1,4,1,1.0,,2,4.0,,3,,2,3.0,,3,3.0,3,3,3,3,3,1,3,2,,3.0,,3.0,3,3,3,3,3,13,3,2,2.0,5,4,,1,2,83,M,0,4,land,95,10,M,3,WALLA WALLA,4247,True
110028,7/9/2018,5:02 PM,7/9/2018,5:20 PM,1,1,2,2,2,1,1,2,1940,2,5,3.0,1.0,5,1,7,6,7,7.0,,5,7.0,,1,,3,1.0,,1,,1,1,1,2,1,3,1,1,,4.0,,3.0,3,2,1,2,1,13,1,2,2.0,3,4,,1,2,78,F,0,2,land,95,1,M,3,SPOKANE,4685,True
110029,7/9/2018,5:03 PM,7/9/2018,5:15 PM,2,2,1,1,4,1,1,1,1965,2,3,,,1,6,1,4,1,,4.0,1,,1.0,3,2.0,3,,2.0,3,3.0,2,3,3,1,3,1,3,2,3.0,,3.0,,3,3,2,3,3,13,5,2,2.0,4,1,1;2;3;4,2,2,53,M,0,4,land,96,3,M,1,WHITMAN,4413,True
110033,7/9/2018,5:09 PM,7/9/2018,5:26 PM,2,1,2,1,1,1,1,2,1926,2,1,,,3,2,3,1,4,,2.0,3,,3.0,1,1.0,1,,2.0,1,,1,1,3,1,1,3,1,1,1.0,,1.0,,1,1,1,1,1,12,4,2,2.0,2,4,,5,2,92,F,0,1,land,89,97,M,5,SPOKANE,4614,True
110037,7/9/2018,5:11 PM,7/9/2018,5:31 PM,2,2,2,1,4,1,1,2,1943,2,5,2.0,,3,3,1,5,2,,4.0,3,,2.0,3,1.0,2,,2.0,3,,3,3,3,3,3,1,3,2,3.0,,3.0,,3,3,3,3,3,13,4,2,2.0,3,2,1;2;3,1,2,75,F,0,4,land,96,7,M,1,STEVENS,2789,True
110039,7/9/2018,5:13 PM,7/9/2018,5:26 PM,2,2,1,1,1,1,2,2,1943,3,1,,,3,5,4,2,5,,2.0,4,,4.0,1,1.0,1,,2.0,1,1.0,1,1,1,1,1,3,1,1,1.0,,1.0,,1,1,1,1,1,7,2,2,2.0,3,4,,1,2,75,F,0,1,land,94,99,M,5,SPOKANE,4442,True
110040,7/9/2018,5:15 PM,7/9/2018,5:30 PM,2,1,1,1,4,1,2,1,1938,2,1,,,4,2,4,2,5,,2.0,4,,3.0,1,1.0,1,,3.0,1,1.0,1,1,1,1,1,3,1,1,1.0,,1.0,,1,1,1,1,1,2,7,2,2.0,3,1,2;3,1,2,80,M,0,4,land,96,98,M,3,ASOTIN,4409,True
110044,7/9/2018,5:17 PM,7/9/2018,5:35 PM,2,1,1,2,4,1,1,1,1930,2,5,1.0,,4,1,4,5,4,,2.0,4,,3.0,1,1.0,1,,2.0,1,1.0,1,1,1,1,1,1,1,1,,1.0,,1.0,1,1,1,1,1,2,2,2,2.0,4,1,1,1,2,88,M,0,4,land,93,97,M,1,LINCOLN,4611,True
110045,7/9/2018,5:19 PM,7/9/2018,5:39 PM,1,1,2,1,3,1,3,2,1936,1,5,2.0,3.0,1,3,1,5,1,7.0,,2,3.0,,3,,3,3.0,,3,,3,3,3,3,3,1,3,2,3.0,,3.0,,2,4,3,3,3,12,5,2,2.0,3,2,4,1,2,82,F,0,3,land,70,5,,2,SPOKANE,4404,True
110046,7/9/2018,5:19 PM,7/9/2018,5:37 PM,1,1,1,2,4,1,1,1,1961,2,1,,1.0,4,2,4,1,4,1.0,,4,1.0,,1,,1,1.0,,1,1.0,1,1,1,1,1,3,1,1,,1.0,,1.0,1,1,1,1,1,1,5,2,2.0,1,2,4,2,2,57,M,0,4,land,68,81,M,3,ASOTIN,4413,True
110047,7/9/2018,5:23 PM,7/9/2018,5:44 PM,1,2,2,1,3,1,2,1,1972,2,3,,3.0,1,2,1,3,1,2.0,,1,4.0,,3,,2,3.0,,3,,3,3,3,3,3,1,3,2,3.0,,3.0,,3,3,3,3,3,13,5,3,,5,2,1,3,2,46,M,0,3,land,87,3,M,2,SPOKANE,4418,True
110048,7/9/2018,5:23 PM,7/9/2018,5:34 PM,2,2,2,2,3,1,1,2,1951,1,1,,,4,1,4,1,4,,1.0,4,,4.0,1,1.0,1,,1.0,1,,1,1,1,1,1,3,1,1,,1.0,,1.0,1,1,1,1,1,13,6,2,2.0,1,4,,1,2,67,F,0,3,land,96,99,M,4,SPOKANE,4685,True
110053,7/9/2018,5:27 PM,7/9/2018,5:43 PM,1,2,2,1,4,1,1,1,1944,3,3,,3.0,4,4,1,2,1,4.0,,1,4.0,,3,,1,3.0,,5,,1,1,1,1,5,1,5,2,1.0,,1.0,,1,1,1,1,5,10,2,2,2.0,3,3,3;4,1,2,74,M,0,4,land,83,45,M,3,ASOTIN,4614,True
110057,7/9/2018,5:31 PM,7/9/2018,5:46 PM,2,1,2,1,4,1,1,2,1947,2,3,,,2,4,4,5,1,,4.0,5,,2.0,3,2.0,2,,2.0,3,,3,3,3,3,3,3,3,2,3.0,,3.0,,3,3,3,3,3,12,4,2,2.0,3,4,,1,2,71,F,0,4,land,97,2,M,1,FERRY,4409,True
110060,7/9/2018,5:33 PM,7/9/2018,5:53 PM,1,2,1,1,4,1,1,2,1956,2,3,,3.0,4,5,4,3,4,4.0,,2,4.0,,2,,1,1.0,,2,1.0,1,1,1,1,2,1,2,2,1.0,,1.0,,1,1,1,1,2,4,7,2,2.0,4,3,1;2;3;4,1,2,62,F,0,4,land,94,3,M,3,WALLA WALLA,2789,True
110061,7/9/2018,5:33 PM,7/9/2018,5:48 PM,2,2,2,1,4,1,1,1,1953,2,3,,,2,3,2,2,2,,4.0,2,,2.0,3,1.0,2,,2.0,3,,3,3,3,3,3,2,3,2,3.0,,3.0,,3,3,3,3,3,10,2,2,2.0,4,1,5,1,2,65,M,0,4,land,90,34,M,2,WALLA WALLA,4442,True
110064,7/9/2018,5:34 PM,7/9/2018,5:45 PM,2,2,2,2,4,1,1,1,1978,1,3,,,1,6,2,6,1,,4.0,2,,4.0,3,1.0,1,,2.0,3,,1,3,3,3,3,2,3,2,,3.0,,3.0,3,3,3,3,3,13,7,2,2.0,4,1,1;2;3,1,1,40,M,1,4,append,79,12,,2,ASOTIN,4535,True
110067,7/9/2018,5:36 PM,7/9/2018,5:51 PM,2,1,2,2,4,1,1,2,1944,3,5,3.0,,3,2,4,1,3,,4.0,3,,4.0,1,1.0,1,,2.0,1,,4,1,1,1,1,3,1,1,,1.0,,1.0,3,3,3,3,1,12,7,2,2.0,2,2,3;4,1,2,74,F,0,4,land,95,32,M,1,LINCOLN,4682,True
110068,7/9/2018,5:37 PM,7/9/2018,5:54 PM,2,2,2,1,2,1,1,1,1951,2,3,,,1,4,1,4,1,,4.0,4,,1.0,3,2.0,2,,2.0,3,,2,2,2,2,3,1,3,2,3.0,,3.0,,3,3,3,3,3,13,4,2,2.0,5,1,1;3,1,2,67,M,0,2,land,96,7,M,4,SPOKANE,4247,True
110077,7/9/2018,5:46 PM,7/9/2018,6:12 PM,2,1,1,2,4,1,2,1,1954,4,5,1.0,,1,6,1,6,2,,6.0,5,,2.0,3,2.0,2,,2.0,5,1.0,2,1,2,1,2,2,5,3,,1.0,,4.0,1,1,1,1,5,7,2,2,2.0,3,4,,3,2,64,M,0,4,land,89,60,M,1,FERRY,4685,True
110082,7/9/2018,5:49 PM,7/9/2018,6:12 PM,1,1,1,2,4,1,1,2,1935,1,5,1.0,5.0,1,5,1,6,3,2.0,,5,7.0,,3,,1,1.0,,3,3.0,4,1,1,1,2,1,3,2,,1.0,,1.0,1,1,1,1,1,4,1,2,2.0,5,2,3,1,2,83,F,0,4,land,86,5,M,1,WHITMAN,4404,True
110086,7/9/2018,5:53 PM,7/9/2018,6:03 PM,2,2,1,1,1,1,2,2,1943,1,1,,,4,1,4,1,4,,3.0,4,,4.0,1,1.0,1,,1.0,1,1.0,3,1,1,1,1,3,1,1,3.0,,3.0,,3,3,3,3,1,13,4,2,2.0,2,4,,1,2,75,F,0,1,land,96,97,M,5,SPOKANE,4409,True
110089,7/9/2018,5:56 PM,7/9/2018,6:16 PM,1,2,1,2,3,1,1,1,1923,4,5,2.0,3.0,2,3,7,5,4,4.0,,4,3.0,,3,,2,1.0,,3,1.0,4,4,4,2,3,3,3,3,,4.0,,4.0,4,3,4,3,3,8,7,99,,4,1,4,1,2,94,F,0,3,land,87,14,M,4,SPOKANE,4611,False
110092,7/9/2018,5:57 PM,7/9/2018,6:11 PM,2,1,1,2,3,1,1,1,1952,1,5,3.0,,4,1,4,1,3,,3.0,4,,4.0,1,1.0,1,,2.0,1,1.0,1,1,1,1,1,3,1,1,,1.0,,1.0,1,1,1,1,1,1,5,2,2.0,3,3,1,1,2,66,M,0,3,land,93,39,M,2,SPOKANE,4413,True
110093,7/9/2018,5:57 PM,7/9/2018,6:18 PM,1,1,2,1,2,1,1,1,1928,2,1,,2.0,6,5,4,6,1,5.0,,5,2.0,,5,,1,3.0,,1,,1,1,1,1,1,3,1,1,1.0,,3.0,,2,1,2,1,1,8,7,99,,1,5,,5,2,90,M,0,2,land,90,98,M,4,SPOKANE,2789,True
110100,7/9/2018,6:02 PM,7/9/2018,6:16 PM,2,1,1,1,2,1,1,1,1964,1,3,,,1,4,1,4,1,,4.0,2,,2.0,3,1.0,2,,2.0,3,3.0,3,3,3,3,3,1,3,2,3.0,,3.0,,3,3,3,3,3,13,2,2,2.0,4,3,1;2;3,1,2,54,M,0,2,land,82,14,M,4,SPOKANE,4614,True
110105,7/9/2018,6:05 PM,7/9/2018,6:21 PM,1,1,1,1,4,1,1,2,1968,1,3,,3.0,1,4,1,4,7,4.0,,1,4.0,,3,,2,3.0,,3,3.0,3,3,3,3,4,3,3,2,1.0,,1.0,,1,1,1,2,3,4,4,2,2.0,5,1,6,1,2,57,F,1,4,good_wireless,76,5,M,1,FERRY,3682,False
110106,7/9/2018,6:06 PM,7/9/2018,6:20 PM,2,2,2,1,1,1,2,3,1994,3,5,3.0,,6,6,4,6,6,,6.0,6,,3.0,5,1.0,1,,2.0,3,,2,1,1,2,1,2,1,3,4.0,,4.0,,1,1,1,1,1,10,2,2,2.0,4,2,3,1,2,24,F,0,1,land,83,38,M,4,SPOKANE,4442,True
110108,7/9/2018,6:10 PM,7/9/2018,6:34 PM,2,1,2,1,1,1,1,2,1950,3,6,2.0,,1,4,4,6,2,,4.0,4,,3.0,3,3.0,1,,1.0,3,,3,3,3,3,3,1,3,2,3.0,,3.0,,3,3,3,3,3,13,7,2,2.0,3,4,,3,2,68,F,0,1,land,96,84,M,4,SPOKANE,4418,True
110109,7/9/2018,6:11 PM,7/9/2018,6:20 PM,2,1,1,2,2,1,1,2,1977,2,5,2.0,,1,4,1,1,1,,4.0,1,,1.0,3,2.0,2,,2.0,3,3.0,2,3,3,2,3,2,3,2,,3.0,,3.0,3,3,3,3,3,13,6,2,2.0,3,4,,4,1,44,F,1,2,good_wireless,48,35,M,1,SPOKANE,4535,False
110110,7/9/2018,6:12 PM,7/9/2018,6:28 PM,2,1,2,2,4,1,1,2,1982,3,3,,,7,6,1,6,1,,4.0,1,,1.0,4,3.0,2,,2.0,3,,4,4,3,1,3,1,3,2,,3.0,,1.0,3,1,1,3,3,13,6,97,2.0,5,1,5,1,1,36,F,1,4,append,30,35,M,1,COLUMBIA,4523,True
110111,7/9/2018,6:14 PM,7/9/2018,6:30 PM,1,1,1,2,2,1,1,2,1959,3,5,3.0,2.0,4,5,4,5,4,1.0,,2,3.0,,1,,1,1.0,,3,1.0,3,1,1,1,1,1,1,1,,1.0,,1.0,1,1,1,1,1,3,1,2,2.0,3,4,,1,2,59,F,0,2,land,93,41,M,1,SPOKANE,4247,True
110115,7/9/2018,6:15 PM,7/9/2018,6:37 PM,2,2,1,1,4,1,1,2,1953,3,5,3.0,,2,6,2,6,2,,4.0,2,,3.0,5,3.0,2,,2.0,3,2.0,3,2,1,3,3,1,3,2,2.0,,2.0,,2,2,2,2,3,12,2,2,2.0,3,1,2;3,1,2,66,M,0,4,land,91,23,M,2,WALLA WALLA,4409,False
110118,7/9/2018,6:19 PM,7/9/2018,6:38 PM,2,2,1,1,4,1,1,2,1956,3,4,,,2,5,4,2,3,,2.0,2,,3.0,3,3.0,1,,2.0,3,2.0,2,3,3,1,3,3,3,2,1.0,,2.0,,2,2,2,3,3,9,3,2,2.0,4,3,1;2;3,1,2,62,F,0,4,land,96,2,M,1,FERRY,2789,True
110119,7/9/2018,6:19 PM,7/9/2018,6:33 PM,1,1,2,1,3,1,1,2,1937,3,1,,1.0,4,3,4,6,4,1.0,,3,3.0,,5,,1,1.0,,5,,1,1,1,1,5,4,5,1,1.0,,1.0,,1,1,1,1,5,12,2,2,2.0,6,4,,5,2,81,F,0,3,land,89,99,M,3,SPOKANE,4614,True
110127,7/9/2018,6:23 PM,7/9/2018,6:40 PM,2,2,1,2,2,1,1,2,1950,3,1,,,4,1,4,1,4,,1.0,3,,4.0,1,1.0,1,,1.0,1,1.0,1,1,1,1,1,3,1,1,,1.0,,1.0,1,1,1,1,1,12,4,2,2.0,1,4,,1,2,68,F,0,2,bad_wireless,96,97,M,4,SPOKANE,4544,True
110131,7/9/2018,6:26 PM,7/9/2018,6:42 PM,1,1,2,2,1,1,1,2,1928,3,4,,3.0,7,3,1,7,1,2.0,,1,4.0,,3,,3,3.0,,3,,4,1,3,3,3,1,3,3,,4.0,,3.0,4,4,3,4,3,13,5,2,2.0,6,3,1,5,2,90,F,0,1,land,86,6,M,4,SPOKANE,4611,True
110133,7/9/2018,6:26 PM,7/9/2018,6:49 PM,2,1,1,1,1,1,1,1,1954,3,5,3.0,,1,4,2,3,2,,4.0,2,,2.0,3,2.0,2,,2.0,3,3.0,3,3,3,3,3,3,3,2,3.0,,3.0,,3,3,3,3,3,13,5,2,2.0,3,1,3,1,2,64,M,0,1,land,94,42,M,4,SPOKANE,4232,True
110134,7/9/2018,6:27 PM,7/9/2018,7:00 PM,2,2,2,2,1,1,1,2,1935,3,6,3.0,,4,3,3,6,2,,6.0,6,,7.0,2,1.0,3,,2.0,1,,1,1,1,2,1,4,1,3,,1.0,,1.0,1,1,3,1,1,13,7,2,2.0,4,4,,6,2,83,F,0,1,land,93,12,M,5,SPOKANE,4685,True
110138,7/9/2018,6:32 PM,7/9/2018,6:45 PM,1,1,1,1,3,1,3,1,1987,3,5,4.0,5.0,5,6,2,6,2,2.0,,7,4.0,,5,,3,2.0,,5,1.0,1,1,1,1,3,3,5,3,2.0,,1.0,,2,2,2,1,5,7,6,2,2.0,3,5,,1,1,31,M,1,3,append,48,73,M,3,SPOKANE,3682,True
110139,7/9/2018,6:33 PM,7/9/2018,6:47 PM,1,1,2,1,4,1,1,2,1923,1,1,,1.0,5,6,4,1,4,1.0,,4,1.0,,1,,1,1.0,,1,,1,1,1,1,1,3,1,1,1.0,,1.0,,1,1,1,1,1,10,2,2,2.0,6,4,,5,2,95,F,0,4,land,72,95,M,3,ASOTIN,4442,True
110141,7/9/2018,6:34 PM,7/9/2018,6:58 PM,1,2,1,1,1,1,1,1,1952,2,5,1.0,1.0,2,2,3,5,3,1.0,,5,2.0,,5,,1,1.0,,5,1.0,1,1,1,1,5,2,5,1,1.0,,1.0,,1,1,1,1,1,3,4,2,2.0,3,4,,3,2,66,M,1,1,append,89,69,M,5,SPOKANE,4426,True
110145,7/9/2018,6:37 PM,7/9/2018,7:01 PM,1,1,1,2,1,1,1,1,1937,3,2,,5.0,2,2,3,6,1,1.0,,7,7.0,,3,,1,1.0,,1,1.0,1,1,1,1,1,1,1,1,,1.0,,1.0,1,1,1,1,1,1,4,2,2.0,3,3,3,1,2,81,M,0,1,land,95,95,M,5,SPOKANE,4413,True
110148,7/9/2018,6:40 PM,7/9/2018,6:53 PM,2,1,2,2,2,1,1,2,1927,2,1,,,4,2,4,2,4,,1.0,3,,5.0,1,1.0,1,,2.0,1,,2,2,1,2,1,3,1,1,,1.0,,2.0,2,1,2,1,1,13,2,2,2.0,3,4,,1,2,91,F,0,2,land,75,88,M,4,SPOKANE,4409,True
110149,7/9/2018,6:42 PM,7/9/2018,6:57 PM,2,1,2,2,4,1,1,1,1943,3,3,,,2,4,1,5,1,,4.0,2,,3.0,3,2.0,2,,2.0,3,,3,3,3,3,3,1,3,2,,3.0,,3.0,3,3,3,3,3,12,2,2,2.0,5,4,,4,2,75,M,0,4,land,95,3,M,1,STEVENS,4404,True
110150,7/9/2018,6:42 PM,7/9/2018,7:01 PM,2,1,1,1,2,1,1,1,1932,2,3,,,1,5,3,5,1,,4.0,2,,4.0,3,2.0,1,,2.0,3,2.0,2,2,2,2,3,3,3,1,2.0,,2.0,,2,2,2,2,3,13,5,2,2.0,4,1,1,1,2,86,M,0,2,land,94,2,M,4,SPOKANE,2789,True
110151,7/9/2018,6:44 PM,7/9/2018,6:56 PM,1,2,1,1,4,1,1,2,1937,2,3,,3.0,1,4,1,3,1,1.0,,2,4.0,,3,,2,3.0,,3,3.0,3,3,3,3,3,1,3,2,3.0,,3.0,,3,3,3,3,3,13,4,2,2.0,5,1,1;3,4,2,81,F,0,4,land,94,7,M,1,LINCOLN,4611,True
110160,7/9/2018,7:20 PM,7/9/2018,7:37 PM,2,2,1,2,3,1,1,2,1972,2,1,,,4,2,4,1,4,,2.0,4,,4.0,1,1.0,1,,1.0,1,1.0,1,1,1,1,1,3,1,1,,1.0,,1.0,1,1,1,1,1,10,7,2,2.0,2,2,3,1,1,46,F,1,3,append,94,96,M,2,SPOKANE,4684,True
110167,7/9/2018,7:25 PM,7/9/2018,7:38 PM,1,1,2,1,4,1,1,2,1957,1,1,,1.0,4,1,4,5,4,1.0,,4,5.0,,1,,1,1.0,,1,,1,1,1,1,1,3,1,1,1.0,,1.0,,1,1,1,1,1,1,6,2,2.0,1,1,3,3,2,61,F,0,4,land,94,78,M,2,WALLA WALLA,4134,True
110168,7/9/2018,7:27 PM,7/9/2018,7:36 PM,1,2,2,2,1,1,1,1,1953,3,3,,3.0,2,4,1,4,1,4.0,,2,4.0,,3,,2,3.0,,3,,3,3,3,3,3,1,3,2,,3.0,,3.0,3,3,3,3,3,13,5,2,2.0,5,1,6,1,2,65,M,0,1,land,97,4,M,4,SPOKANE,4535,True
110174,7/9/2018,7:31 PM,7/9/2018,7:46 PM,1,1,2,1,1,1,1,2,1963,1,1,,1.0,4,1,4,1,4,1.0,,4,2.0,,1,,1,1.0,,1,,1,1,1,1,1,3,1,1,1.0,,1.0,,1,1,1,1,1,12,6,2,2.0,1,4,,1,1,55,F,1,1,append,95,90,M,4,SPOKANE,4494,True
110175,7/9/2018,7:32 PM,7/9/2018,7:44 PM,1,2,1,2,1,1,1,2,1991,1,1,,5.0,4,1,4,1,4,1.0,,4,1.0,,1,,1,1.0,,1,1.0,1,1,1,1,1,3,1,1,,1.0,,1.0,1,1,1,1,1,13,7,2,2.0,1,4,,3,2,27,F,1,1,append,71,54,M,4,SPOKANE,4309,True
110178,7/9/2018,7:35 PM,7/9/2018,7:53 PM,2,2,1,1,4,1,1,1,1953,2,5,3.0,,3,2,1,5,1,,4.0,4,,3.0,5,2.0,2,,2.0,4,3.0,3,1,3,3,4,1,4,2,3.0,,3.0,,3,3,3,3,4,11,5,2,2.0,4,3,6,1,2,65,M,1,4,good_wireless,95,2,M,1,STEVENS,4384,True
110180,7/9/2018,7:37 PM,7/9/2018,7:49 PM,1,1,2,1,1,1,1,1,1921,1,3,,3.0,1,4,1,6,2,7.0,,1,4.0,,3,,2,1.0,,3,,3,3,3,3,3,1,3,2,2.0,,3.0,,3,2,2,2,3,13,4,2,2.0,3,4,,5,2,97,M,0,1,land,86,2,M,5,SPOKANE,4426,True
110187,7/9/2018,7:43 PM,7/9/2018,8:05 PM,2,1,1,1,1,1,1,1,1949,3,5,4.0,,3,2,7,7,3,,4.0,7,,4.0,1,1.0,3,,2.0,1,3.0,3,3,3,3,1,4,1,2,1.0,,1.0,,4,4,1,1,1,13,6,2,2.0,4,4,,1,2,69,M,0,1,land,96,99,M,4,SPOKANE,4418,True
110190,7/9/2018,7:45 PM,7/9/2018,8:00 PM,2,1,1,1,1,1,1,1,1982,2,3,,,5,6,1,6,1,,4.0,5,,5.0,3,3.0,2,,2.0,3,3.0,2,2,3,2,3,2,3,2,2.0,,2.0,,2,2,2,2,3,13,1,2,2.0,4,1,1;3,1,1,36,M,1,1,append,63,40,M,5,SPOKANE,5002,True
110192,7/9/2018,7:47 PM,7/9/2018,8:03 PM,2,1,1,1,1,1,2,1,1989,3,5,1.0,,3,6,4,5,4,,5.0,5,,4.0,1,1.0,1,,1.0,1,1.0,1,2,1,3,1,3,1,1,1.0,,1.0,,3,1,3,2,1,13,6,2,2.0,2,1,1;2,4,2,29,M,1,1,good_wireless,66,53,,4,SPOKANE,4463,True
110194,7/9/2018,7:48 PM,7/9/2018,8:06 PM,2,1,1,1,1,1,1,1,1958,3,1,,,3,5,5,5,4,,5.0,6,,4.0,1,3.0,2,,1.0,1,1.0,1,1,1,1,1,1,5,1,1.0,,1.0,,1,1,1,1,5,12,7,2,2.0,3,1,4,1,1,60,M,0,1,land,81,73,M,5,SPOKANE,4614,True
110199,7/9/2018,7:49 PM,7/9/2018,8:05 PM,2,1,1,1,1,1,2,1,1937,3,5,3.0,,2,4,1,6,2,,4.0,2,,7.0,3,2.0,3,,1.0,3,3.0,4,3,3,1,3,1,3,2,3.0,,3.0,,4,3,3,3,3,12,4,99,,1,1,3,4,2,82,M,0,1,land,91,36,M,5,SPOKANE,4611,True
110200,7/9/2018,7:49 PM,7/9/2018,8:04 PM,1,1,1,1,1,1,1,1,1984,2,2,,1.0,6,5,4,5,4,5.0,,3,2.0,,1,,1,1.0,,3,1.0,1,1,1,1,1,2,1,1,1.0,,1.0,,1,2,1,1,1,1,6,2,2.0,3,1,1;3,3,2,34,M,1,1,append,67,69,Z,5,SPOKANE,4413,True
110201,7/9/2018,7:51 PM,7/9/2018,8:20 PM,1,2,2,1,3,1,1,2,1953,2,6,1.0,3.0,5,6,3,1,3,2.0,,1,3.0,,5,,1,1.0,,2,,1,1,1,2,1,2,1,1,1.0,,1.0,,1,1,1,1,1,6,6,2,2.0,3,4,,1,2,33,F,1,3,append,73,15,F,4,SPOKANE,4620,False
110206,7/9/2018,7:54 PM,7/9/2018,8:03 PM,2,1,2,2,1,1,1,1,1945,1,1,,,4,1,4,1,4,,1.0,4,,4.0,1,1.0,1,,1.0,1,,1,1,1,1,1,3,1,1,,1.0,,1.0,1,1,1,1,1,1,6,2,2.0,3,4,,1,2,73,M,0,1,land,97,99,M,4,SPOKANE,4535,True
110207,7/9/2018,7:55 PM,7/9/2018,8:10 PM,1,1,1,2,1,1,1,1,9999,1,1,,1.0,4,2,4,7,4,7.0,,4,3.0,,1,,1,1.0,,1,1.0,1,1,1,1,1,2,1,1,,1.0,,1.0,1,1,1,1,1,12,4,2,2.0,1,4,,4,2,61,M,0,1,land,91,96,M,5,SPOKANE,4682,True
110218,7/9/2018,8:00 PM,7/9/2018,8:23 PM,1,2,2,2,3,1,1,3,1974,2,5,2.0,4.0,2,2,2,6,1,5.0,,2,4.0,,2,,2,1.0,,2,,3,3,3,3,2,3,2,2,,1.0,,3.0,3,1,1,3,2,5,6,2,2.0,4,4,,1,1,44,M,1,3,append,71,13,M,3,SPOKANE,4609,True
110220,7/9/2018,8:00 PM,7/9/2018,8:12 PM,1,1,1,2,3,1,1,1,1984,2,5,1.0,1.0,4,1,4,2,3,1.0,,3,2.0,,1,,1,3.0,,1,2.0,1,1,1,1,1,3,1,1,,1.0,,1.0,1,2,2,2,1,13,7,2,2.0,1,4,,1,1,34,M,1,3,append,82,79,M,4,SPOKANE,2610,True
110223,7/9/2018,8:02 PM,7/9/2018,8:15 PM,2,1,1,2,1,1,1,1,1986,1,2,,,4,1,4,1,4,,2.0,4,,4.0,1,1.0,1,,1.0,1,3.0,1,1,1,1,1,3,1,1,,1.0,,1.0,1,1,1,1,1,10,2,2,2.0,1,1,1;2,2,2,32,M,1,1,append,82,45,M,5,SPOKANE,4232,True
110225,7/9/2018,8:03 PM,7/9/2018,8:14 PM,1,2,1,1,1,1,1,2,1929,1,3,,3.0,2,3,4,5,4,5.0,,2,3.0,,3,,2,3.0,,3,3.0,2,2,3,3,5,3,3,2,3.0,,3.0,,3,3,3,3,1,13,2,2,2.0,2,4,,5,2,83,M,0,1,land,94,98,M,5,SPOKANE,4409,False
110229,7/9/2018,8:06 PM,7/9/2018,8:17 PM,1,1,1,1,1,1,2,1,1945,2,1,,1.0,3,6,4,6,3,1.0,,6,2.0,,1,,1,1.0,,1,1.0,1,1,1,1,1,3,1,1,1.0,,1.0,,1,1,1,1,1,1,7,2,2.0,3,4,,5,2,73,M,0,1,land,72,77,M,5,SPOKANE,4426,True
110230,7/9/2018,8:07 PM,7/9/2018,8:20 PM,2,2,2,1,1,1,1,1,1951,1,2,,,4,1,4,7,3,,2.0,3,,4.0,1,1.0,1,,1.0,1,,1,1,1,2,1,3,1,1,1.0,,1.0,,1,1,1,1,1,8,2,2,2.0,2,4,,2,2,67,M,0,1,good_wireless,96,97,M,4,SPOKANE,4523,True
110231,7/9/2018,8:08 PM,7/9/2018,8:26 PM,2,2,2,1,3,1,3,1,1963,3,5,1.0,,5,5,2,5,2,,2.0,1,,2.0,5,1.0,3,,1.0,2,,1,1,2,1,1,1,5,1,1.0,,1.0,,1,1,1,1,5,13,6,2,2.0,4,1,2,1,1,55,M,1,3,bad_wireless,83,33,,3,SPOKANE,4544,True
110232,7/9/2018,8:08 PM,7/9/2018,8:24 PM,2,1,1,1,3,1,1,1,1981,2,5,3.0,,5,6,2,5,2,,5.0,2,,2.0,5,2.0,1,,2.0,3,3.0,4,2,3,1,3,3,3,2,2.0,,3.0,,3,3,3,3,3,13,6,2,2.0,3,1,3,1,2,37,M,1,3,append,84,11,M,3,SPOKANE,4442,True
110233,7/9/2018,8:09 PM,7/9/2018,8:23 PM,2,2,1,1,3,1,1,1,1936,2,2,,,2,5,4,1,3,,2.0,4,,4.0,3,1.0,1,,2.0,2,1.0,1,1,1,2,1,1,5,3,1.0,,1.0,,1,1,1,2,5,1,1,2,2.0,2,3,1;2;3;4,4,2,82,M,1,3,append,87,50,M,2,SPOKANE,5002,True
110234,7/9/2018,8:11 PM,7/9/2018,8:29 PM,2,1,1,2,1,1,1,1,1941,3,5,2.0,,2,4,1,5,1,,4.0,5,,4.0,3,3.0,2,,2.0,3,3.0,3,3,3,3,3,1,3,2,,3.0,,3.0,3,3,3,3,3,13,1,2,2.0,2,1,1;2,4,2,77,M,0,1,land,96,3,M,4,SPOKANE,4247,True
110236,7/9/2018,8:12 PM,7/9/2018,8:44 PM,1,1,1,1,1,1,2,1,1957,4,5,3.0,5.0,2,5,2,6,2,7.0,,5,3.0,,5,,3,4.0,,5,4.0,4,4,3,4,5,1,3,2,3.0,,2.0,,3,2,3,2,5,13,6,2,2.0,6,4,,3,2,61,M,0,1,land,70,86,M,5,SPOKANE,4418,True
110237,7/9/2018,8:12 PM,7/9/2018,8:28 PM,1,1,2,1,1,1,1,1,1960,1,3,,3.0,4,4,1,4,1,4.0,,4,4.0,,3,,2,3.0,,3,,3,3,3,2,3,1,3,2,3.0,,3.0,,3,3,3,3,3,12,3,2,2.0,5,4,,1,2,59,M,1,1,good_wireless,96,6,M,5,SPOKANE,3731,True
110248,7/9/2018,8:20 PM,7/9/2018,8:32 PM,2,2,1,1,1,1,1,2,1950,1,5,3.0,,4,2,4,1,4,,5.0,4,,5.0,1,1.0,1,,1.0,1,1.0,1,1,1,1,1,3,1,1,1.0,,1.0,,1,1,1,1,1,8,6,2,2.0,1,4,,1,2,38,M,0,1,land,68,87,M,4,SPOKANE,4409,False
110250,7/9/2018,8:20 PM,7/9/2018,8:41 PM,2,1,2,2,1,1,2,1,1976,3,5,2.0,,5,5,2,7,5,,7.0,2,,2.0,5,1.0,2,,1.0,3,,2,2,2,2,4,2,3,2,,2.0,,2.0,2,2,1,2,3,1,4,2,2.0,4,4,,3,2,42,M,1,1,append,66,84,M,5,SPOKANE,4413,True
110251,7/9/2018,8:20 PM,7/9/2018,8:41 PM,1,2,1,1,1,1,1,1,1967,1,2,,1.0,3,2,4,1,4,1.0,,4,2.0,,1,,1,1.0,,1,1.0,2,3,1,3,1,3,1,1,1.0,,1.0,,1,2,2,2,1,8,6,2,2.0,2,1,1,3,2,51,M,1,1,good_wireless,84,95,M,5,SPOKANE,4348,True
110256,7/9/2018,8:24 PM,7/9/2018,8:40 PM,1,2,1,1,1,1,1,1,1985,1,5,1.0,1.0,5,2,3,6,2,2.0,,3,2.0,,5,,1,3.0,,5,3.0,2,2,1,3,5,2,5,3,3.0,,3.0,,2,2,2,1,5,12,6,2,2.0,3,1,1;2;3,1,1,33,M,1,1,append,73,87,M,4,SPOKANE,4000,True
110257,7/9/2018,8:24 PM,7/9/2018,8:41 PM,1,1,1,2,1,1,1,1,1982,2,5,3.0,5.0,2,2,2,5,5,2.0,,2,5.0,,2,,1,3.0,,2,1.0,3,3,1,1,2,1,2,2,,3.0,,3.0,3,3,3,3,2,6,5,2,2.0,3,1,2;3,3,2,36,M,1,1,append,68,46,M,4,SPOKANE,4384,True
110258,7/9/2018,8:25 PM,7/9/2018,8:45 PM,1,2,1,1,1,1,1,1,1986,4,3,,3.0,2,3,2,2,1,4.0,,2,3.0,,3,,2,2.0,,3,3.0,3,3,2,3,3,1,3,2,3.0,,3.0,,3,3,3,3,3,13,5,99,,4,5,,4,1,32,M,1,1,append,57,53,M,4,SPOKANE,4209,True
110265,7/9/2018,8:28 PM,7/9/2018,8:41 PM,2,1,1,1,3,1,1,1,1975,3,4,,,1,5,2,5,3,,4.0,2,,3.0,3,2.0,2,,1.0,3,1.0,2,3,3,3,3,1,3,1,1.0,,1.0,,1,1,1,1,3,13,6,2,2.0,4,2,6,1,1,43,M,1,3,good_wireless,69,8,M,2,SPOKANE,2610,True
110267,7/9/2018,8:29 PM,7/9/2018,8:51 PM,2,2,2,2,2,1,1,2,1981,2,2,,,3,5,4,5,7,,5.0,5,,3.0,1,1.0,1,,2.0,1,,1,1,1,1,1,2,1,1,,2.0,,1.0,1,1,1,1,1,3,8,2,2.0,6,5,,1,1,37,F,1,2,append,42,70,M,4,SPOKANE,4620,True
110268,7/9/2018,8:31 PM,7/9/2018,8:43 PM,2,1,2,1,3,1,1,1,1961,2,2,,,4,6,4,3,2,,2.0,5,,4.0,1,1.0,1,,2.0,1,,1,1,1,1,1,3,1,1,1.0,,1.0,,1,1,1,1,1,12,1,2,2.0,3,1,4,1,1,57,M,1,3,bad_wireless,72,82,M,1,SPOKANE,5002,True
110269,7/9/2018,8:32 PM,7/9/2018,8:49 PM,1,1,1,2,1,1,1,2,1966,1,5,1.0,1.0,4,1,4,5,4,1.0,,4,2.0,,1,,1,1.0,,1,1.0,1,1,1,1,1,3,1,1,,1.0,,1.0,1,1,1,1,1,3,4,2,2.0,1,2,1;4,1,2,52,F,0,1,land,44,61,M,5,SPOKANE,4247,True
110271,7/9/2018,8:34 PM,7/9/2018,8:50 PM,2,1,1,2,3,1,1,2,1977,2,1,,,4,1,4,2,4,,2.0,4,,4.0,1,1.0,1,,1.0,1,1.0,1,1,1,1,1,3,1,1,,1.0,,1.0,1,1,1,1,1,3,2,2,2.0,2,2,2,1,1,41,F,0,3,land,67,89,M,4,SPOKANE,4611,True
110272,7/9/2018,8:35 PM,7/9/2018,8:46 PM,2,1,2,1,3,1,1,1,1993,1,5,2.0,,4,1,4,1,4,,3.0,3,,1.0,1,1.0,1,,1.0,1,,1,2,1,1,1,3,1,1,1.0,,1.0,,1,1,1,1,1,7,6,2,2.0,4,1,4,3,2,25,M,0,3,land,84,50,M,4,SPOKANE,4535,True
110275,7/9/2018,8:36 PM,7/9/2018,8:55 PM,1,2,2,1,4,1,3,2,1997,1,2,,1.0,2,1,4,3,3,1.0,,2,1.0,,1,,1,1.0,,1,,1,1,1,1,1,3,1,1,1.0,,1.0,,1,1,1,1,1,6,7,3,,1,5,,1,2,21,F,0,4,land,51,92,,3,WALLA WALLA,2789,True
110279,7/9/2018,8:40 PM,7/9/2018,8:57 PM,1,2,1,2,2,1,1,2,1956,1,1,,1.0,4,1,4,2,4,1.0,,5,4.0,,1,,1,1.0,,1,1.0,1,1,1,2,1,3,1,1,,1.0,,1.0,2,1,1,1,1,1,4,2,2.0,2,4,,1,2,62,F,1,2,good_wireless,84,89,M,4,SPOKANE,4482,True
110290,7/9/2018,8:46 PM,7/9/2018,9:02 PM,1,2,1,2,2,1,1,1,1959,2,3,,3.0,2,6,2,3,2,4.0,,3,4.0,,3,,2,3.0,,3,3.0,2,2,2,2,3,2,3,2,,2.0,,2.0,2,2,2,2,3,4,5,2,2.0,5,4,,1,2,59,M,1,2,append,71,33,M,4,SPOKANE,4616,True
110291,7/9/2018,8:46 PM,7/9/2018,9:07 PM,1,2,2,2,2,1,1,2,1969,1,3,,3.0,1,4,1,4,1,4.0,,2,4.0,,3,,2,2.0,,3,,3,3,3,3,3,1,3,2,,3.0,,3.0,3,3,3,3,3,13,6,2,2.0,5,5,,1,2,49,F,1,2,append,91,2,M,4,SPOKANE,3600,True
110294,7/9/2018,8:48 PM,7/9/2018,9:00 PM,2,2,2,1,2,1,1,1,1968,1,5,3.0,,1,4,2,1,1,,4.0,4,,3.0,3,3.0,1,,2.0,3,,2,3,3,1,3,1,3,2,3.0,,3.0,,3,3,3,3,3,13,5,2,2.0,3,4,,4,1,50,M,0,2,land,79,6,M,4,SPOKANE,4535,True
110297,7/9/2018,8:50 PM,7/9/2018,9:08 PM,1,2,2,2,2,1,1,1,1997,2,5,3.0,1.0,1,6,2,5,3,2.0,,3,1.0,,3,,1,1.0,,3,,3,3,3,3,3,2,3,2,,3.0,,3.0,3,3,3,3,3,11,2,2,2.0,3,2,1;2,3,2,21,M,0,2,land,49,48,M,4,SPOKANE,4418,True
110298,7/9/2018,8:50 PM,7/9/2018,9:10 PM,1,1,2,1,2,1,1,1,1944,1,4,,3.0,1,4,2,2,2,4.0,,2,3.0,,3,,2,3.0,,3,,3,3,3,3,3,1,3,2,3.0,,3.0,,3,3,3,3,3,13,6,2,2.0,4,3,5,1,2,21,M,0,2,land,44,28,M,2,SPOKANE,4682,False
110299,7/9/2018,8:50 PM,7/9/2018,9:16 PM,2,2,1,2,2,1,1,2,1961,3,6,4.0,,2,2,3,6,2,,4.0,3,,3.0,5,1.0,1,,3.0,3,1.0,1,1,1,1,5,1,5,3,,1.0,,2.0,1,1,1,1,5,6,5,2,2.0,3,2,1,1,2,57,F,1,2,good_wireless,93,3,M,4,SPOKANE,4215,True
110303,7/9/2018,8:52 PM,7/9/2018,9:02 PM,1,1,2,2,2,1,1,2,1972,2,5,1.0,1.0,4,1,4,7,4,1.0,,4,1.0,,1,,1,1.0,,1,,1,1,1,1,1,3,1,1,,1.0,,1.0,1,1,1,1,1,13,5,2,2.0,1,4,,1,2,46,F,1,2,good_wireless,67,75,M,4,SPOKANE,4413,True
110307,7/9/2018,8:54 PM,7/9/2018,9:06 PM,1,2,2,2,2,1,1,2,1958,1,3,,3.0,1,3,1,3,1,4.0,,2,4.0,,3,,2,3.0,,3,,3,3,3,3,3,1,3,2,,3.0,,3.0,3,3,3,3,3,10,5,2,2.0,5,1,2;3,1,2,62,F,1,2,good_wireless,95,10,M,4,SPOKANE,4543,False
110311,7/9/2018,8:55 PM,7/9/2018,9:15 PM,2,2,2,1,2,1,1,1,1961,2,5,3.0,,3,2,4,5,4,,3.0,3,,3.0,1,1.0,1,,3.0,1,,1,1,2,3,1,3,1,1,1.0,,1.0,,2,2,2,2,1,12,6,97,2.0,4,1,4,4,2,57,M,0,2,land,96,96,M,2,SPOKANE,4611,True
110312,7/9/2018,8:55 PM,7/9/2018,9:12 PM,1,1,1,1,2,1,1,2,1982,1,6,3.0,1.0,3,2,4,5,5,1.0,,2,1.0,,3,,2,1.0,,5,1.0,1,1,2,2,5,1,5,3,1.0,,1.0,,1,2,1,2,5,9,2,2,2.0,3,4,,6,3,36,F,1,2,append,63,11,M,4,SPOKANE,4232,True
110316,7/9/2018,8:57 PM,7/9/2018,9:18 PM,1,1,1,1,2,1,1,2,1954,2,5,2.0,3.0,1,3,1,3,1,4.0,,2,4.0,,3,,2,1.0,,3,3.0,3,3,3,2,3,1,3,2,3.0,,3.0,,3,3,3,2,3,4,1,2,2.0,4,2,3,5,2,64,F,1,2,good_wireless,75,4,M,4,SPOKANE,4573,True
110318,7/9/2018,8:59 PM,7/9/2018,9:13 PM,2,2,1,2,2,1,1,1,1954,3,5,3.0,,7,6,1,6,1,,6.0,6,,6.0,3,1.0,2,,2.0,3,1.0,3,3,3,1,3,3,3,2,,2.0,,3.0,1,2,3,3,3,13,2,2,2.0,4,4,,3,2,64,M,0,2,land,86,44,,3,SPOKANE,4426,True
110319,7/9/2018,8:59 PM,7/9/2018,9:14 PM,1,2,1,1,2,1,2,2,1973,3,3,,5.0,2,6,2,5,1,5.0,,1,3.0,,3,,2,2.0,,3,3.0,3,2,3,2,3,1,3,2,3.0,,3.0,,3,3,3,3,3,12,6,2,2.0,4,3,2;5,1,1,45,F,1,2,append,59,19,M,4,SPOKANE,5002,True
110320,7/9/2018,9:00 PM,7/9/2018,9:14 PM,1,1,2,1,2,1,3,2,1980,2,5,2.0,3.0,2,2,2,6,2,3.0,,2,2.0,,3,,2,1.0,,3,,3,3,3,1,3,3,3,2,3.0,,3.0,,2,2,2,2,3,1,4,2,2.0,4,4,,1,1,38,F,1,2,append,40,22,M,4,SPOKANE,4562,True
110329,7/9/2018,9:04 PM,7/9/2018,9:24 PM,2,1,1,1,2,1,1,2,1984,2,5,3.0,,2,6,2,6,2,,3.0,3,,3.0,5,1.0,2,,2.0,3,3.0,3,3,3,3,3,3,3,2,3.0,,3.0,,3,3,3,3,3,13,6,2,2.0,3,5,,1,1,34,F,1,2,bad_wireless,48,13,M,4,SPOKANE,4200,True
110331,7/9/2018,9:05 PM,7/9/2018,9:24 PM,2,1,2,1,2,1,3,2,1990,3,5,1.0,,5,6,4,6,5,,5.0,2,,4.0,5,1.0,1,,1.0,2,,1,1,3,1,2,3,2,2,1.0,,3.0,,1,1,1,1,1,2,5,2,2.0,2,1,1;2,3,1,28,F,1,2,append,11,58,,4,SPOKANE,3731,True
110332,7/9/2018,9:05 PM,7/9/2018,9:19 PM,1,2,1,1,3,1,1,2,1974,1,2,,1.0,2,1,4,2,4,2.0,,4,2.0,,1,,1,1.0,,1,3.0,1,3,1,2,1,2,1,1,3.0,,3.0,,2,3,2,3,1,10,6,2,2.0,3,1,3,1,1,44,F,0,3,land,92,98,M,4,SPOKANE,4523,True
110333,7/9/2018,9:08 PM,7/9/2018,9:24 PM,2,2,2,1,2,1,1,2,1977,1,3,,,1,5,2,3,1,,4.0,2,,2.0,3,2.0,2,,2.0,3,,2,2,3,4,3,1,3,2,3.0,,3.0,,3,3,3,3,3,10,6,2,2.0,5,2,1;2,1,1,41,F,1,2,append,84,20,M,4,SPOKANE,4442,True
110336,7/9/2018,9:09 PM,7/9/2018,9:34 PM,2,1,1,2,2,1,1,2,1957,1,1,,,4,5,4,1,4,,2.0,4,,4.0,1,1.0,1,,1.0,1,1.0,1,1,1,1,1,3,1,1,,1.0,,1.0,1,1,1,1,1,1,4,2,2.0,1,4,,5,2,61,F,1,2,bad_wireless,91,88,M,4,SPOKANE,4348,True
110340,7/9/2018,9:11 PM,7/9/2018,9:32 PM,1,2,1,2,2,1,1,2,1957,1,1,,1.0,4,1,4,5,5,1.0,,3,1.0,,1,,1,3.0,,1,1.0,1,1,1,1,1,3,1,1,,1.0,,1.0,1,1,1,1,1,1,5,2,2.0,1,4,,4,2,61,F,1,2,append,89,23,M,4,SPOKANE,4482,True
110344,7/9/2018,9:14 PM,7/9/2018,9:32 PM,2,1,2,1,3,1,3,2,1963,3,4,,,3,6,3,6,7,,5.0,6,,2.0,5,2.0,1,,1.0,2,,1,1,1,1,2,2,2,2,1.0,,1.0,,1,1,1,1,2,7,6,2,2.0,4,4,,1,2,55,F,0,3,land,81,43,M,3,SPOKANE,2789,True
110347,7/9/2018,9:16 PM,7/9/2018,9:47 PM,2,1,2,1,3,1,1,2,1965,1,5,3.0,,2,5,2,2,1,,4.0,2,,7.0,3,2.0,2,,2.0,3,,2,2,2,3,3,3,3,2,2.0,,3.0,,3,3,3,2,3,12,7,2,2.0,3,3,1;2;5,2,1,56,F,0,3,land,94,94,M,2,SPOKANE,4418,False
110349,7/9/2018,9:18 PM,7/9/2018,9:34 PM,2,2,2,1,2,1,1,2,2000,1,5,1.0,,5,3,4,6,3,,3.0,6,,3.0,4,1.0,1,,2.0,3,,1,2,2,2,2,1,2,1,2.0,,1.0,,1,2,1,1,1,3,2,2,2.0,3,4,,3,2,18,F,1,2,bad_wireless,70,49,,4,SPOKANE,4609,True
110356,7/9/2018,9:22 PM,7/9/2018,9:39 PM,1,1,2,2,3,1,2,2,1992,1,5,3.0,4.0,2,2,2,6,2,3.0,,5,5.0,,3,,3,3.0,,3,,2,2,3,3,3,1,3,2,,2.0,,3.0,1,1,1,2,3,12,5,2,1.0,3,2,1,3,2,26,F,1,3,good_wireless,82,4,,2,SPOKANE,4087,True
110357,7/9/2018,9:22 PM,7/9/2018,9:45 PM,1,2,1,1,3,1,1,2,9999,3,5,2.0,3.0,2,4,1,5,2,4.0,,2,4.0,,3,,2,2.0,,3,3.0,3,3,3,3,3,1,3,2,3.0,,3.0,,3,3,3,3,3,13,6,97,2.0,5,5,,6,3,60,F,1,3,append,89,12,M,1,SPOKANE,4620,True
110358,7/9/2018,9:22 PM,7/9/2018,9:35 PM,2,1,1,2,3,1,1,2,1976,1,1,,,4,1,4,2,4,,3.0,4,,3.0,1,1.0,1,,1.0,1,3.0,3,3,3,3,1,3,1,1,,3.0,,3.0,3,3,3,3,1,7,6,2,2.0,3,4,,1,1,42,F,1,3,append,63,84,M,3,SPOKANE,5002,True
110360,7/9/2018,9:23 PM,7/9/2018,9:36 PM,1,1,1,1,3,1,1,5,1975,1,3,,3.0,1,6,1,7,1,4.0,,2,4.0,,3,,2,2.0,,3,3.0,3,3,3,3,3,1,3,2,3.0,,3.0,,3,3,3,3,3,13,7,2,2.0,5,5,,1,1,43,F,1,3,good_wireless,88,10,M,2,SPOKANE,4684,True
110361,7/9/2018,9:24 PM,7/9/2018,9:35 PM,1,2,2,1,3,1,1,2,1979,1,3,,3.0,2,3,1,5,1,4.0,,2,3.0,,3,,2,2.0,,3,,2,2,3,3,3,1,3,2,3.0,,3.0,,3,3,3,3,3,13,4,2,2.0,5,4,,1,2,39,F,1,3,bad_wireless,68,39,M,2,SPOKANE,4232,True
110364,7/9/2018,9:24 PM,7/9/2018,9:42 PM,2,1,1,2,3,1,1,2,1964,3,5,2.0,,2,7,2,2,7,,2.0,2,,7.0,3,1.0,1,,2.0,3,3.0,3,3,3,3,3,3,3,2,,3.0,,3.0,3,3,4,3,3,13,6,2,2.0,5,3,1,1,1,54,F,0,3,land,82,3,M,1,SPOKANE,4611,True
110367,7/9/2018,9:29 PM,7/9/2018,9:44 PM,2,2,1,1,3,1,1,2,1976,1,5,3.0,,2,4,1,6,3,,4.0,3,,2.0,3,2.0,2,,2.0,3,3.0,3,2,3,2,1,1,3,2,3.0,,3.0,,3,3,3,3,3,12,6,2,2.0,3,3,3,1,1,42,F,1,3,bad_wireless,74,88,M,4,SPOKANE,4413,True
110368,7/9/2018,9:29 PM,7/9/2018,9:42 PM,1,2,1,1,3,1,1,2,1980,3,1,,1.0,4,5,4,3,4,1.0,,4,2.0,,1,,1,2.0,,1,1.0,1,1,1,3,1,3,1,1,1.0,,2.0,,1,1,3,1,1,7,5,2,2.0,1,4,,1,1,38,F,1,3,good_wireless,85,91,M,4,SPOKANE,4384,True
110373,7/9/2018,9:33 PM,7/9/2018,9:44 PM,2,1,1,2,3,1,1,2,1986,2,3,,,2,4,2,6,1,,4.0,2,,2.0,3,2.0,2,,1.0,3,3.0,3,3,3,3,3,3,3,1,,2.0,,3.0,2,2,2,3,3,12,6,2,2.0,3,4,,1,1,32,F,0,3,land,60,5,M,1,SPOKANE,4409,True
110374,7/9/2018,9:34 PM,7/9/2018,9:47 PM,2,2,1,2,3,1,1,2,1984,2,4,,,2,6,2,5,2,,5.0,3,,2.0,3,1.0,2,,2.0,3,2.0,2,3,3,2,3,1,3,2,,3.0,,3.0,3,3,3,3,3,9,7,2,2.0,4,4,,3,2,33,F,1,3,append,61,36,M,4,SPOKANE,4543,True
110375,7/9/2018,9:36 PM,7/9/2018,9:42 PM,1,2,2,2,3,1,2,2,1974,3,1,,1.0,4,1,4,6,4,1.0,,6,1.0,,1,,1,3.0,,1,,2,2,1,2,1,1,1,1,,1.0,,1.0,1,1,1,1,1,13,4,2,2.0,3,4,,1,1,44,F,0,3,land,55,21,,3,SPOKANE,4535,True
110376,7/9/2018,9:36 PM,7/9/2018,9:54 PM,1,1,1,2,3,1,1,2,1985,1,5,1.0,1.0,4,5,4,5,4,1.0,,4,2.0,,1,,1,1.0,,1,1.0,2,1,1,1,1,3,1,1,,1.0,,1.0,1,1,1,1,1,7,6,2,2.0,2,4,,3,2,33,F,1,3,append,66,43,M,2,SPOKANE,3731,True
110377,7/9/2018,9:36 PM,7/9/2018,9:55 PM,2,1,1,1,3,1,1,2,1978,3,3,,,2,6,4,6,2,,2.0,2,,2.0,3,1.0,2,,2.0,3,2.0,2,2,1,3,1,2,3,1,2.0,,2.0,,2,2,2,3,3,1,5,2,2.0,4,4,,1,1,40,F,1,3,append,92,16,M,1,SPOKANE,4616,True
110379,7/9/2018,9:39 PM,7/9/2018,9:59 PM,2,2,1,1,3,1,1,2,1980,2,5,1.0,,4,1,4,1,5,,1.0,2,,1.0,1,1.0,1,,1.0,1,1.0,1,1,1,1,1,4,1,3,1.0,,1.0,,1,1,1,3,1,1,5,2,2.0,3,2,2,3,1,38,F,1,3,append,49,59,M,2,SPOKANE,4609,True
110381,7/9/2018,9:40 PM,7/9/2018,9:58 PM,2,1,1,1,3,1,1,1,1957,4,5,2.0,,1,3,1,7,1,,4.0,2,,1.0,3,1.0,2,,2.0,3,4.0,4,3,3,4,3,1,3,2,3.0,,3.0,,4,3,3,3,3,10,5,2,2.0,5,1,5,2,2,48,F,0,3,land,80,35,M,1,SPOKANE,4523,False
110387,7/10/2018,12:03 PM,7/10/2018,12:15 PM,1,2,1,2,3,1,1,2,1951,2,3,,3.0,1,4,1,5,1,4.0,,2,4.0,,3,,2,2.0,,3,3.0,3,3,3,3,3,1,3,2,,3.0,,3.0,3,3,3,3,3,13,7,2,2.0,5,4,,5,2,67,F,0,3,land,96,2,M,4,SPOKANE,4384,True
110390,7/10/2018,12:05 PM,7/10/2018,12:14 PM,1,1,1,2,3,1,1,2,1935,2,2,,1.0,3,1,3,2,4,1.0,,3,1.0,,1,,1,1.0,,1,1.0,1,1,1,1,1,3,1,1,,1.0,,1.0,1,1,1,1,1,13,5,2,2.0,2,4,,1,2,83,F,0,3,land,93,97,M,3,SPOKANE,4692,True
110391,7/10/2018,12:05 PM,7/10/2018,12:22 PM,1,2,1,2,3,1,1,2,1934,4,5,2.0,3.0,1,4,1,6,1,4.0,,5,5.0,,3,,2,3.0,,3,3.0,3,3,3,3,3,1,3,2,,3.0,,3.0,3,3,3,3,3,13,2,2,2.0,4,3,1,5,2,84,F,0,3,land,94,3,M,4,SPOKANE,3878,True
110393,7/10/2018,12:05 PM,7/10/2018,12:22 PM,2,1,1,1,3,1,1,2,1938,3,5,1.0,,3,2,4,1,4,,4.0,3,,3.0,1,1.0,1,,1.0,1,1.0,1,1,2,2,1,1,1,1,1.0,,1.0,,1,1,1,2,1,5,1,2,2.0,2,2,3,1,2,80,F,0,3,land,95,99,M,2,SPOKANE,4348,True
110398,7/10/2018,12:07 PM,7/10/2018,12:28 PM,1,2,1,2,4,1,1,5,9999,3,1,,1.0,3,6,4,1,4,1.0,,3,1.0,,1,,1,1.0,,1,1.0,1,1,1,2,1,3,1,1,,1.0,,1.0,1,1,1,1,1,5,7,2,2.0,2,2,1;2;3;4,1,2,62,F,0,4,land,57,95,M,1,PEND OREILLE,4691,True
110404,7/10/2018,12:11 PM,7/10/2018,12:29 PM,2,1,1,2,4,1,1,2,1953,2,5,3.0,,3,7,4,2,3,,2.0,2,,3.0,1,1.0,1,,2.0,1,1.0,1,1,1,1,1,2,1,3,,2.0,,1.0,2,3,2,2,1,12,2,2,2.0,3,1,1;2;3;4,1,2,58,M,0,4,land,87,36,M,1,STEVENS,4693,False
110406,7/10/2018,12:12 PM,7/10/2018,12:21 PM,2,2,1,2,4,1,1,1,1962,3,5,2.0,,1,4,1,4,1,,4.0,1,,1.0,3,2.0,2,,2.0,3,3.0,3,3,3,1,3,1,3,2,,3.0,,3.0,3,3,3,3,3,13,2,2,2.0,4,1,1,3,2,56,M,0,4,land,94,2,M,1,STEVENS,4535,True
110407,7/10/2018,12:13 PM,7/10/2018,12:26 PM,2,1,1,2,4,1,1,1,1954,2,3,,,1,4,1,5,1,,4.0,5,,1.0,3,1.0,2,,2.0,3,3.0,3,3,3,2,3,1,3,2,,3.0,,3.0,3,3,3,3,3,10,6,2,2.0,4,1,1;2;3;4,6,2,64,F,0,4,land,95,3,M,1,STEVENS,4309,False
110408,7/10/2018,12:13 PM,7/10/2018,12:29 PM,1,1,1,2,4,1,3,2,1953,3,6,3.0,5.0,7,6,4,1,5,1.0,,2,4.0,,2,,3,1.0,,1,1.0,1,1,1,1,1,3,1,1,,1.0,,4.0,1,1,1,1,1,8,8,2,2.0,6,5,,6,3,65,F,0,4,land,74,34,M,1,FERRY,4620,True
110410,7/10/2018,12:14 PM,7/10/2018,12:38 PM,1,1,1,1,3,1,1,1,1943,3,5,3.0,5.0,3,7,4,1,7,4.0,,7,2.0,,1,,3,3.0,,1,1.0,1,4,4,1,1,4,1,1,2.0,,2.0,,4,4,4,3,1,13,5,2,2.0,2,1,2;3,1,2,75,M,0,3,land,96,89,M,2,SPOKANE,4215,True
110416,7/10/2018,12:20 PM,7/10/2018,12:33 PM,1,2,1,1,4,1,1,2,1957,1,5,1.0,1.0,4,1,4,1,4,1.0,,4,2.0,,1,,1,1.0,,1,1.0,1,1,1,1,1,3,1,1,1.0,,1.0,,1,1,1,1,1,10,6,2,2.0,2,3,3,1,2,61,F,0,4,land,83,96,M,1,WHITMAN,4292,True
110419,7/10/2018,12:24 PM,7/10/2018,12:39 PM,1,1,2,1,3,1,1,1,1951,1,5,1.0,1.0,4,1,4,1,4,1.0,,3,1.0,,1,,1,1.0,,1,,1,3,1,3,1,2,1,1,2.0,,1.0,,1,1,1,1,1,13,5,2,2.0,2,1,1,4,2,67,M,0,3,land,94,93,M,2,SPOKANE,4696,True
110422,7/10/2018,12:26 PM,7/10/2018,12:43 PM,2,2,1,1,1,1,1,2,1963,2,1,,,4,1,4,2,4,,2.0,4,,4.0,1,1.0,1,,1.0,1,1.0,1,1,1,1,1,3,1,1,1.0,,1.0,,1,1,1,1,1,7,7,2,2.0,2,4,,1,2,56,F,0,1,land,95,99,M,4,SPOKANE,4688,True
110423,7/10/2018,12:26 PM,7/10/2018,12:44 PM,2,1,1,1,4,1,1,2,1961,1,1,,,3,6,4,1,4,,2.0,4,,4.0,1,1.0,1,,1.0,1,1.0,1,1,1,1,1,3,1,1,1.0,,1.0,,1,1,1,1,1,12,4,2,2.0,1,4,,5,2,57,F,0,4,land,73,45,,1,STEVENS,4348,True
110426,7/10/2018,12:30 PM,7/10/2018,12:44 PM,2,2,1,2,4,1,1,2,1960,3,5,3.0,,3,5,5,1,1,,1.0,5,,5.0,1,3.0,3,,2.0,1,1.0,1,1,1,1,1,3,1,1,,1.0,,1.0,1,1,1,1,1,12,2,2,2.0,6,4,,4,2,58,F,0,4,land,95,98,M,1,STEVENS,4040,True
110431,7/10/2018,12:35 PM,7/10/2018,12:49 PM,1,2,2,1,4,1,3,2,1946,3,5,1.0,5.0,2,4,1,3,1,4.0,,4,4.0,,3,,1,3.0,,3,,2,1,2,2,3,4,3,3,3.0,,3.0,,3,3,3,3,3,6,8,2,2.0,6,3,6,6,3,72,F,0,4,land,94,98,M,2,WHITMAN,4620,True
110432,7/10/2018,12:35 PM,7/10/2018,12:52 PM,2,2,1,2,4,1,1,1,1950,3,5,2.0,,2,6,1,4,1,,4.0,2,,2.0,4,2.0,2,,2.0,3,3.0,3,3,3,3,3,1,3,2,,3.0,,2.0,3,3,3,2,3,13,6,1,2.0,4,1,1;2;3;4,1,2,68,M,0,4,land,91,7,M,1,STEVENS,3878,True
110434,7/10/2018,12:36 PM,7/10/2018,1:10 PM,1,1,2,2,4,1,1,1,9999,1,3,,3.0,1,4,1,7,1,2.0,,2,4.0,,3,,2,1.0,,3,,3,3,3,3,3,1,3,2,,3.0,,3.0,3,3,3,3,3,13,5,2,2.0,4,1,1;2;3;4,1,2,69,M,0,4,land,93,6,M,1,STEVENS,4691,True
110441,7/10/2018,12:43 PM,7/10/2018,1:01 PM,1,1,1,1,1,1,1,2,1934,2,5,3.0,5.0,4,5,4,5,3,1.0,,4,5.0,,4,,1,4.0,,2,1.0,1,1,1,1,2,2,1,1,1.0,,1.0,,1,1,2,1,1,10,4,2,2.0,3,4,,5,2,84,F,0,1,land,93,99,M,5,SPOKANE,4381,True
110447,7/10/2018,12:45 PM,7/10/2018,12:56 PM,2,2,2,2,3,1,1,1,1947,1,3,,,1,6,1,6,1,,4.0,6,,1.0,3,2.0,2,,2.0,3,,3,3,3,3,3,3,3,2,,3.0,,3.0,3,3,2,3,3,13,5,2,2.0,5,4,,4,2,71,M,0,3,land,96,12,M,4,SPOKANE,4535,True
110448,7/10/2018,12:46 PM,7/10/2018,1:03 PM,2,1,2,2,3,1,1,1,1932,2,3,,,1,3,1,5,2,,4.0,2,,2.0,3,2.0,2,,2.0,3,,3,3,3,3,3,1,3,2,,3.0,,3.0,3,3,3,3,3,13,6,2,2.0,4,4,,1,2,59,M,0,3,land,75,19,M,3,SPOKANE,4040,False
110449,7/10/2018,12:46 PM,7/10/2018,1:01 PM,2,2,2,1,4,1,1,1,1952,2,3,,,1,7,1,3,1,,3.0,1,,3.0,3,2.0,2,,2.0,3,,3,3,2,2,3,1,3,2,3.0,,3.0,,3,3,3,3,3,10,5,2,2.0,5,5,,1,2,66,M,0,4,land,88,42,M,1,STEVENS,4696,True
110450,7/10/2018,12:46 PM,7/10/2018,1:05 PM,2,1,1,1,1,1,1,2,9999,4,3,,,3,4,1,3,1,,4.0,4,,3.0,3,2.0,2,,2.0,3,3.0,3,4,3,2,3,1,3,2,3.0,,3.0,,3,3,3,3,3,13,5,97,2.0,5,4,,1,2,54,F,0,1,land,95,3,M,4,SPOKANE,4573,True
110453,7/10/2018,12:51 PM,7/10/2018,1:12 PM,2,1,2,2,1,1,1,2,1934,1,1,,,4,1,4,5,4,,2.0,5,,4.0,2,1.0,1,,1.0,1,,3,2,1,1,1,1,1,1,,1.0,,1.0,1,1,1,1,1,12,2,2,2.0,1,4,,4,2,84,F,0,1,land,92,98,M,4,SPOKANE,4348,True
110460,7/10/2018,12:56 PM,7/10/2018,1:13 PM,1,1,1,1,4,1,1,1,1970,2,3,,5.0,1,3,2,6,1,3.0,,2,3.0,,3,,2,3.0,,3,3.0,3,3,3,3,3,1,3,2,3.0,,3.0,,3,3,3,3,3,13,4,2,2.0,4,1,1,6,3,48,M,0,4,land,87,2,M,1,STEVENS,4620,True
110463,7/10/2018,12:58 PM,7/10/2018,1:14 PM,2,2,2,2,4,1,1,5,9999,2,2,,,1,4,2,5,2,,4.0,2,,2.0,3,3.0,2,,2.0,3,,3,3,3,3,3,1,3,2,,3.0,,3.0,3,3,3,3,3,13,5,2,2.0,3,1,3,1,2,64,F,0,4,land,94,48,M,1,STEVENS,4694,True
110464,7/10/2018,12:58 PM,7/10/2018,1:09 PM,1,1,1,2,4,1,1,1,1997,2,5,2.0,3.0,6,6,4,6,1,1.0,,1,1.0,,1,,1,1.0,,3,2.0,2,2,1,2,3,1,3,2,,2.0,,2.0,2,2,2,2,3,12,2,2,2.0,2,1,1,3,2,21,M,0,4,land,20,37,M,1,STEVENS,4535,True
110467,7/10/2018,1:00 PM,7/10/2018,1:26 PM,2,2,2,2,4,1,1,1,1960,2,1,,,4,1,4,2,2,,4.0,4,,4.0,1,1.0,1,,1.0,1,,1,1,1,1,1,2,1,1,,1.0,,1.0,1,1,1,1,1,7,2,5,,3,3,3,1,2,38,M,0,4,land,63,64,M,1,FERRY,4293,False
110469,7/10/2018,1:01 PM,7/10/2018,1:13 PM,2,1,2,1,4,1,1,1,1946,3,3,,,5,4,1,4,1,,4.0,4,,5.0,3,2.0,2,,2.0,3,,3,3,3,3,3,1,3,2,3.0,,3.0,,3,3,3,3,3,12,7,2,2.0,5,1,1;2;3;4,6,2,72,M,0,4,land,95,5,M,2,ASOTIN,4309,True
110472,7/10/2018,1:04 PM,7/10/2018,1:18 PM,1,2,2,2,4,1,1,2,9999,3,6,3.0,5.0,4,5,5,5,2,5.0,,5,5.0,,5,,3,3.0,,1,,1,1,1,1,1,3,1,3,,1.0,,1.0,1,1,1,1,1,13,8,2,2.0,4,3,1;3,1,2,66,F,0,4,land,94,98,M,1,STEVENS,4040,True
110474,7/10/2018,1:10 PM,7/10/2018,1:31 PM,2,1,2,2,4,1,1,1,1946,1,3,,,1,4,1,4,1,,4.0,2,,1.0,3,2.0,2,,2.0,3,,3,3,3,3,3,1,3,2,,3.0,,3.0,3,3,3,3,3,13,2,2,2.0,5,3,1;2;3;4,1,2,72,M,0,4,land,96,6,M,1,WHITMAN,2453,True
110475,7/10/2018,1:11 PM,7/10/2018,1:30 PM,2,2,2,1,4,1,1,2,1945,2,5,2.0,,3,5,2,6,1,,3.0,4,,3.0,5,2.0,1,,2.0,2,,1,1,1,1,1,1,2,2,3.0,,3.0,,3,3,3,2,5,12,2,2,2.0,4,3,3,1,2,78,F,0,4,land,82,4,M,1,STEVENS,4384,False
110477,7/10/2018,1:14 PM,7/10/2018,1:33 PM,2,2,2,1,4,1,1,2,1945,4,5,2.0,,1,5,1,3,1,,4.0,4,,3.0,3,2.0,2,,2.0,3,,3,2,3,3,4,1,3,2,3.0,,3.0,,3,3,3,3,3,4,4,2,2.0,5,4,,4,2,73,F,0,4,land,93,18,M,2,ASOTIN,4381,True
110478,7/10/2018,1:15 PM,7/10/2018,1:40 PM,1,2,1,1,4,1,1,2,1953,3,5,3.0,4.0,2,4,1,3,1,2.0,,3,4.0,,4,,2,3.0,,4,3.0,3,3,3,3,4,3,4,2,3.0,,3.0,,3,3,3,3,4,12,5,2,2.0,4,5,,1,2,72,M,0,4,land,96,3,M,1,WHITMAN,4620,False
110479,7/10/2018,1:16 PM,7/10/2018,1:27 PM,2,1,1,2,3,1,1,1,1942,1,5,1.0,,4,1,4,6,4,,5.0,4,,4.0,1,1.0,1,,3.0,1,1.0,1,1,1,3,1,3,1,1,,1.0,,1.0,1,1,2,2,1,12,7,2,2.0,2,4,,1,2,76,M,0,3,land,97,97,M,2,SPOKANE,4535,True
110483,7/10/2018,1:21 PM,7/10/2018,1:42 PM,1,2,2,1,4,1,1,2,1940,2,5,1.0,2.0,4,1,5,3,3,2.0,,2,2.0,,1,,2,1.0,,1,,2,1,1,1,1,2,1,3,1.0,,1.0,,1,1,2,2,1,12,2,2,2.0,3,1,4,5,2,78,F,0,4,land,95,3,M,3,ASOTIN,4348,True
110490,7/10/2018,1:29 PM,7/10/2018,1:40 PM,1,1,1,2,1,1,1,2,1950,1,5,3.0,2.0,2,4,4,1,2,2.0,,2,2.0,,4,,3,1.0,,3,2.0,3,1,3,3,3,3,3,1,,3.0,,2.0,2,3,3,3,3,13,6,2,2.0,4,4,,1,2,68,F,0,1,land,83,60,M,5,SPOKANE,4292,True
110494,7/10/2018,1:33 PM,7/10/2018,1:49 PM,2,1,2,2,4,1,1,2,9999,1,5,1.0,,3,1,4,1,3,,2.0,4,,4.0,1,1.0,1,,1.0,1,,1,1,1,1,1,1,1,1,,1.0,,1.0,1,2,1,1,1,2,4,2,2.0,1,2,1;3,1,2,66,F,0,4,land,90,49,M,1,STEVENS,4293,True
110499,7/10/2018,1:37 PM,7/10/2018,1:47 PM,1,2,2,1,2,1,2,1,1982,2,3,,3.0,2,2,1,2,2,1.0,,2,3.0,,3,,2,1.0,,3,,3,3,3,3,3,1,3,2,3.0,,3.0,,3,3,3,3,3,13,5,2,2.0,3,2,1,3,2,26,M,0,2,land,65,41,,3,SPOKANE,4040,False
110505,7/10/2018,1:42 PM,7/10/2018,1:53 PM,1,1,1,2,4,1,1,2,1960,2,3,,3.0,2,4,1,5,1,4.0,,2,4.0,,3,,2,3.0,,3,3.0,3,3,3,3,3,1,3,2,,3.0,,3.0,3,3,3,3,3,4,4,99,,4,5,,3,2,58,F,0,4,land,75,23,M,1,WHITMAN,4694,True
110507,7/10/2018,1:46 PM,7/10/2018,1:59 PM,1,1,2,1,4,1,1,1,1953,1,1,,1.0,4,1,4,5,4,5.0,,4,2.0,,1,,1,4.0,,1,,1,1,1,1,1,3,1,1,1.0,,1.0,,1,1,1,1,1,12,5,2,2.0,3,3,2;3,1,2,65,M,0,4,land,96,97,M,2,ASOTIN,4384,True
110508,7/10/2018,1:47 PM,7/10/2018,2:04 PM,2,1,2,1,4,1,2,1,1964,3,5,2.0,,1,4,2,7,7,,4.0,2,,3.0,3,2.0,1,,2.0,3,,3,3,3,3,3,4,3,2,3.0,,3.0,,3,3,3,3,3,13,2,2,2.0,4,1,1,4,2,54,M,0,4,land,74,9,M,3,WALLA WALLA,4692,True
110509,7/10/2018,1:47 PM,7/10/2018,2:03 PM,2,1,2,2,1,1,1,2,1957,2,1,,,4,1,4,2,3,,2.0,4,,4.0,1,1.0,1,,1.0,1,,1,1,1,1,1,3,1,1,,1.0,,1.0,1,1,1,1,1,12,5,2,2.0,1,2,1,1,1,61,F,0,1,land,80,49,M,5,SPOKANE,2453,True
110512,7/10/2018,1:50 PM,7/10/2018,2:01 PM,1,1,2,2,4,1,1,1,1956,2,3,,3.0,1,4,1,4,1,4.0,,4,4.0,,3,,2,3.0,,3,,3,3,3,3,3,1,3,2,,3.0,,3.0,3,3,3,3,3,12,7,2,2.0,4,5,,1,2,62,M,0,4,land,95,4,M,1,COLUMBIA,4535,True
110518,7/10/2018,1:58 PM,7/10/2018,2:17 PM,1,2,1,2,4,1,1,2,1956,2,5,2.0,3.0,1,6,3,1,2,5.0,,1,2.0,,3,,1,1.0,,3,4.0,4,1,3,2,3,2,3,1,,1.0,,1.0,2,1,1,2,5,11,2,2,2.0,4,2,1,1,2,62,F,0,4,land,79,13,,1,STEVENS,4463,True
110521,7/10/2018,2:07 PM,7/10/2018,2:31 PM,1,2,1,1,1,1,1,2,9999,1,1,,1.0,4,1,4,1,4,1.0,,4,1.0,,1,,1,1.0,,1,1.0,1,1,1,1,1,3,1,1,1.0,,1.0,,1,1,1,4,1,6,5,2,2.0,2,4,,1,2,26,F,0,1,land,83,89,M,3,SPOKANE,4620,True
110528,7/10/2018,2:30 PM,7/10/2018,2:46 PM,2,1,1,2,3,1,1,1,1964,2,5,2.0,,3,2,3,2,3,,4.0,3,,3.0,1,1.0,1,,1.0,1,3.0,3,3,3,3,1,3,1,1,,3.0,,3.0,3,3,3,3,1,12,7,2,2.0,3,1,3,1,2,54,M,0,3,land,86,16,M,2,SPOKANE,4348,True
110530,7/10/2018,2:19 PM,7/10/2018,2:32 PM,1,2,1,2,4,1,1,1,1932,1,5,4.0,5.0,1,4,1,4,1,4.0,,2,4.0,,3,,2,2.0,,3,3.0,3,3,2,1,3,1,3,2,,2.0,,3.0,3,2,2,3,3,13,4,2,2.0,5,1,1;2;3;4,6,2,42,M,0,4,land,14,47,B,1,FERRY,4309,False
110531,7/10/2018,2:20 PM,7/10/2018,2:37 PM,1,1,1,1,1,1,1,2,1956,3,5,3.0,1.0,4,2,4,2,4,1.0,,4,3.0,,1,,1,1.0,,1,1.0,1,1,1,1,1,3,1,1,1.0,,1.0,,1,1,1,1,1,13,5,2,2.0,1,4,,1,2,62,F,0,1,bad_wireless,96,96,M,5,SPOKANE,4573,True
110533,7/10/2018,2:22 PM,7/10/2018,2:31 PM,2,1,2,2,4,1,1,2,1977,1,1,,,4,1,4,4,4,,1.0,4,,4.0,1,1.0,1,,1.0,1,,1,1,1,1,1,3,1,1,,3.0,,1.0,1,1,1,1,1,1,6,2,2.0,1,4,,1,1,41,F,0,4,land,86,97,M,3,WALLA WALLA,4535,True
110534,7/10/2018,2:24 PM,7/10/2018,2:44 PM,1,2,2,2,3,1,1,1,1959,2,1,,1.0,3,7,4,2,3,1.0,,3,2.0,,1,,1,1.0,,1,,1,1,1,1,1,2,1,1,,1.0,,1.0,1,1,1,1,1,7,2,2,2.0,2,2,2,1,2,59,M,0,3,land,92,95,M,3,SPOKANE,4215,True
110538,7/10/2018,2:31 PM,7/10/2018,2:45 PM,1,2,2,1,1,1,1,2,1989,3,3,,3.0,1,3,1,3,1,4.0,,1,2.0,,3,,1,1.0,,3,,2,3,3,3,3,1,3,2,2.0,,3.0,,3,3,2,3,3,10,2,2,2.0,5,4,,1,1,29,F,0,1,land,45,72,M,5,SPOKANE,4463,True
110540,7/10/2018,2:33 PM,7/10/2018,2:49 PM,2,2,1,2,4,1,1,1,1959,3,1,,,4,5,4,2,3,,3.0,4,,3.0,2,1.0,1,,1.0,1,1.0,1,1,1,1,1,2,1,1,,1.0,,1.0,1,2,3,3,1,12,7,2,2.0,3,1,1;2;3;4,1,2,27,M,0,4,land,75,87,M,1,STEVENS,3878,False
110546,7/10/2018,2:38 PM,7/10/2018,2:54 PM,2,1,1,1,3,1,1,1,1964,1,5,2.0,,2,6,2,2,1,,4.0,3,,3.0,4,2.0,2,,2.0,3,3.0,3,3,3,3,3,1,3,2,3.0,,3.0,,1,3,3,2,3,12,6,2,2.0,3,1,1;2,1,1,53,M,0,3,land,72,3,M,3,SPOKANE,4381,True
110548,7/10/2018,2:40 PM,7/10/2018,2:52 PM,2,1,1,1,4,1,1,2,1970,2,1,,,3,1,4,1,4,,1.0,3,,4.0,1,1.0,1,,1.0,1,1.0,1,1,1,2,1,3,1,1,1.0,,1.0,,1,1,1,1,1,12,7,2,2.0,3,4,,1,1,48,F,0,4,land,96,99,M,3,WALLA WALLA,4384,True
110552,7/10/2018,2:44 PM,7/10/2018,3:02 PM,2,2,1,1,4,1,3,2,1970,3,5,3.0,,5,5,2,5,1,,4.0,3,,3.0,5,2.0,3,,2.0,5,3.0,1,2,1,1,5,1,5,2,1.0,,1.0,,3,1,1,1,5,13,2,2,2.0,3,2,1;3,1,2,48,F,0,4,land,63,70,M,1,STEVENS,4293,True
110553,7/10/2018,2:44 PM,7/10/2018,3:00 PM,1,2,1,2,4,1,1,2,1983,2,5,1.0,1.0,3,5,3,7,2,1.0,,4,2.0,,1,,1,3.0,,1,1.0,1,1,1,1,1,1,1,2,,1.0,,1.0,1,1,4,4,5,13,8,99,,6,5,,6,3,35,F,0,4,land,81,65,,1,STEVENS,4573,True
110555,7/10/2018,2:54 PM,7/10/2018,3:15 PM,2,1,1,2,4,1,3,1,1957,2,5,3.0,,5,6,5,6,1,,2.0,2,,3.0,3,2.0,1,,2.0,3,3.0,3,3,3,3,3,1,3,2,,3.0,,3.0,3,3,3,3,3,13,5,2,2.0,3,3,2;3,1,2,61,M,0,4,land,96,78,M,2,ASOTIN,2453,True
110560,7/10/2018,3:56 PM,7/10/2018,4:11 PM,1,2,2,2,2,1,1,1,1986,2,5,1.0,1.0,2,6,4,6,4,1.0,,3,1.0,,1,,1,1.0,,1,,1,1,1,1,1,3,1,1,,1.0,,1.0,1,1,1,1,1,9,7,2,2.0,1,3,1;2;4,3,1,32,M,0,2,land,74,89,M,3,SPOKANE,4562,True
110561,7/10/2018,4:03 PM,7/10/2018,4:23 PM,1,2,1,1,4,1,1,1,1958,1,5,2.0,3.0,1,4,1,4,1,4.0,,2,4.0,,3,,2,2.0,,3,3.0,3,3,3,3,3,1,3,2,3.0,,3.0,,3,3,3,3,3,12,3,2,2.0,4,1,1;2;3;4,1,2,60,M,0,4,land,94,2,M,1,WHITMAN,4000,True
110574,7/10/2018,4:28 PM,7/10/2018,4:42 PM,1,1,2,2,4,1,1,1,1963,2,1,,1.0,4,2,3,5,3,1.0,,3,2.0,,1,,1,1.0,,1,,1,1,1,1,1,3,1,1,,1.0,,1.0,1,1,1,1,1,5,4,2,2.0,3,4,,1,2,55,M,0,4,land,92,45,M,1,STEVENS,4000,True
110576,7/10/2018,5:39 PM,7/10/2018,5:57 PM,2,2,1,2,2,1,1,2,1969,1,1,,,4,1,4,1,4,,1.0,4,,4.0,1,1.0,1,,1.0,1,1.0,1,1,1,1,1,3,1,1,,1.0,,1.0,1,1,1,1,1,1,5,2,2.0,2,4,,3,2,63,M,0,2,land,91,7,M,4,SPOKANE,4494,False
110578,7/10/2018,4:46 PM,7/10/2018,5:01 PM,2,1,2,1,4,1,1,1,1959,1,1,,,4,1,4,5,3,,2.0,4,,4.0,1,1.0,1,,1.0,1,,1,1,1,1,1,3,1,1,1.0,,1.0,,1,1,1,1,1,1,6,2,2.0,1,1,2,3,2,59,M,0,4,land,95,97,M,2,WALLA WALLA,4683,True
110579,7/10/2018,4:50 PM,7/10/2018,5:03 PM,2,1,1,2,2,1,1,1,1997,2,1,,,4,1,4,5,3,,2.0,4,,3.0,1,1.0,1,,1.0,1,1.0,1,1,1,1,1,3,1,1,,1.0,,1.0,1,1,1,1,1,1,2,2,2.0,1,4,,3,2,21,M,0,2,land,24,48,M,3,SPOKANE,5002,True
110581,7/10/2018,4:50 PM,7/10/2018,5:08 PM,1,1,2,1,3,1,1,1,1999,1,3,,3.0,1,3,1,6,1,7.0,,6,3.0,,3,,2,3.0,,3,,3,3,3,3,3,1,3,2,3.0,,3.0,,2,2,1,2,3,10,5,2,2.0,5,3,3,2,2,19,M,0,3,land,72,40,,4,SPOKANE,4544,True
110582,7/10/2018,4:50 PM,7/10/2018,5:03 PM,2,2,2,2,1,1,1,2,1955,2,1,,,4,2,4,1,4,,2.0,4,,4.0,1,1.0,1,,1.0,1,,1,1,1,1,1,3,1,1,,1.0,,1.0,1,1,1,1,1,12,6,2,2.0,2,4,,4,2,63,F,0,1,land,96,97,M,5,SPOKANE,4682,True
110586,7/10/2018,4:58 PM,7/10/2018,5:09 PM,1,2,2,1,1,1,1,2,1980,2,1,,1.0,3,2,4,6,3,1.0,,3,2.0,,1,,1,1.0,,1,,2,1,1,2,1,3,1,1,1.0,,1.0,,1,2,2,1,1,13,7,2,2.0,2,1,1,4,1,38,F,0,1,land,85,89,M,5,SPOKANE,4426,True
110592,7/10/2018,5:01 PM,7/10/2018,5:39 PM,1,1,1,2,1,1,1,2,1954,1,3,,5.0,2,3,1,6,2,4.0,,4,2.0,,5,,1,1.0,,5,1.0,1,1,1,1,5,3,4,1,,1.0,,1.0,1,1,1,2,5,12,5,2,2.0,4,4,,4,2,64,F,0,1,land,95,8,M,5,SPOKANE,4611,True
110597,7/10/2018,5:04 PM,7/10/2018,5:22 PM,1,1,2,1,2,1,1,1,1956,1,1,,1.0,3,1,4,1,3,1.0,,6,2.0,,1,,1,4.0,,1,,1,2,1,1,1,2,1,1,2.0,,2.0,,2,1,1,2,1,12,5,2,2.0,3,1,5,1,2,62,M,0,2,land,94,96,M,4,SPOKANE,4562,True
110598,7/10/2018,5:05 PM,7/10/2018,5:20 PM,2,1,2,1,4,1,1,2,1965,3,5,3.0,,2,5,5,4,1,,4.0,5,,4.0,4,1.0,1,,2.0,3,,3,3,1,2,2,1,4,2,3.0,,3.0,,3,4,2,2,4,12,2,2,2.0,4,5,,4,2,53,M,0,4,land,94,57,M,1,STEVENS,4257,False
110599,7/10/2018,5:06 PM,7/10/2018,5:31 PM,2,1,2,2,3,1,2,1,1977,3,5,3.0,,3,5,4,5,2,,5.0,5,,2.0,2,1.0,3,,1.0,2,,2,1,1,1,2,2,2,1,,1.0,,1.0,2,1,1,1,2,12,2,2,2.0,3,3,1;2,4,1,41,M,0,3,land,48,44,M,2,SPOKANE,4682,True
110604,7/10/2018,5:16 PM,7/10/2018,5:32 PM,2,1,1,1,3,1,1,1,9999,1,5,1.0,,4,1,4,1,4,,2.0,4,,4.0,1,1.0,1,,1.0,1,1.0,1,1,1,1,1,2,1,1,1.0,,1.0,,1,1,1,1,1,4,7,2,2.0,3,2,2,3,2,27,M,0,3,land,43,78,M,3,SPOKANE,4466,True
110605,7/10/2018,5:18 PM,7/10/2018,5:32 PM,1,1,2,2,1,1,1,1,1961,2,6,3.0,4.0,1,4,1,3,1,4.0,,2,4.0,,3,,2,2.0,,3,,2,3,2,2,3,1,3,2,,2.0,,2.0,2,2,2,2,3,12,4,2,2.0,5,2,1;2;3;4,1,2,57,M,0,1,land,91,7,M,5,SPOKANE,5002,True
110607,7/10/2018,5:20 PM,7/10/2018,5:50 PM,2,1,1,2,1,1,1,2,1954,3,1,,,1,1,4,1,2,,7.0,5,,7.0,5,1.0,1,,2.0,5,3.0,3,3,3,3,5,1,5,3,,3.0,,1.0,4,3,3,3,5,13,4,2,2.0,3,4,,5,2,64,F,0,1,land,85,85,M,5,SPOKANE,4684,True
110618,7/10/2018,5:36 PM,7/10/2018,5:56 PM,2,1,2,1,1,1,1,1,1957,2,3,,,1,2,1,2,2,,2.0,2,,2.0,3,2.0,2,,2.0,3,,2,1,1,2,3,1,3,2,1.0,,2.0,,1,1,1,1,3,11,6,2,2.0,4,4,,3,2,61,M,0,1,land,95,4,M,4,SPOKANE,4682,True
110619,7/10/2018,5:36 PM,7/10/2018,6:00 PM,2,1,2,2,1,1,1,1,1956,1,5,2.0,,2,6,1,3,1,,4.0,3,,5.0,3,2.0,2,,2.0,3,,3,3,3,3,3,1,3,2,,3.0,,3.0,3,3,3,3,3,13,6,2,2.0,4,1,4,1,2,62,M,0,1,land,90,14,M,5,SPOKANE,4614,True
110621,7/10/2018,5:41 PM,7/10/2018,5:52 PM,1,1,2,1,3,1,1,1,1962,1,3,,3.0,1,4,1,6,1,4.0,,3,4.0,,3,,2,1.0,,3,,3,3,3,3,3,1,3,2,3.0,,3.0,,3,3,3,3,3,13,4,2,2.0,5,1,1,3,2,56,M,0,3,land,92,5,M,3,SPOKANE,5002,True
110622,7/10/2018,5:43 PM,7/10/2018,6:06 PM,2,2,2,2,2,1,1,2,1943,1,1,,,3,1,4,1,4,,1.0,4,,4.0,1,1.0,1,,2.0,1,,1,1,1,1,1,3,1,1,,1.0,,1.0,4,4,4,1,1,1,5,2,2.0,3,3,1;2;3,1,2,47,M,0,2,land,43,21,M,4,SPOKANE,4466,False
110623,7/10/2018,5:47 PM,7/10/2018,6:02 PM,1,2,1,1,1,1,1,1,1960,1,2,,1.0,4,1,4,2,3,1.0,,3,3.0,,1,,1,3.0,,1,1.0,2,2,1,2,1,3,1,1,2.0,,1.0,,2,1,1,2,1,4,4,2,2.0,2,1,1,1,2,33,M,0,1,land,19,93,B,4,SPOKANE,4683,False
110629,7/10/2018,6:02 PM,7/10/2018,6:18 PM,1,2,2,2,3,1,1,1,1954,4,5,2.0,3.0,2,7,1,7,2,3.0,,7,4.0,,3,,2,3.0,,3,,1,2,3,3,3,1,3,3,,2.0,,2.0,3,1,1,2,3,12,7,2,2.0,5,1,2,1,2,64,M,0,3,land,89,17,M,2,SPOKANE,4684,True
110633,7/10/2018,6:08 PM,7/10/2018,6:19 PM,1,2,2,1,2,1,1,1,1954,3,3,,4.0,1,2,2,6,1,4.0,,4,4.0,,3,,2,1.0,,3,,3,3,3,3,3,1,3,2,3.0,,3.0,,3,3,3,3,3,12,7,2,2.0,3,3,3,1,2,64,M,0,2,land,95,8,M,2,SPOKANE,5002,True
110636,7/10/2018,6:21 PM,7/10/2018,6:33 PM,2,1,2,2,4,1,1,1,1954,1,3,,,1,2,1,3,1,,4.0,3,,2.0,3,2.0,2,,2.0,3,,3,3,3,3,3,1,3,2,,3.0,,3.0,3,3,3,3,3,13,2,2,2.0,5,3,1;2;3;4,1,1,64,M,0,4,land,83,5,M,1,STEVENS,4257,True
110639,7/10/2018,6:27 PM,7/10/2018,6:48 PM,1,2,2,1,4,1,1,1,1972,2,5,3.0,1.0,4,6,4,2,4,2.0,,4,5.0,,1,,1,1.0,,1,,1,1,1,1,1,2,1,1,2.0,,2.0,,1,1,1,1,1,12,5,2,2.0,3,4,,1,1,46,M,0,4,land,88,64,M,1,WHITMAN,4562,True
110640,7/10/2018,6:29 PM,7/10/2018,6:44 PM,2,1,1,2,3,1,1,1,1967,1,5,1.0,,4,1,4,5,4,,3.0,4,,4.0,1,1.0,1,,1.0,1,4.0,3,3,1,1,1,3,1,1,,1.0,,1.0,1,1,3,1,1,12,6,2,2.0,3,4,,1,1,51,M,0,3,good_wireless,96,91,M,4,SPOKANE,4466,True
110642,7/10/2018,6:35 PM,7/10/2018,6:54 PM,2,2,1,2,4,1,1,1,1999,2,2,,,4,7,4,7,4,,7.0,3,,3.0,2,1.0,1,,1.0,1,1.0,1,1,1,2,1,2,1,1,,1.0,,1.0,1,1,2,1,1,12,2,2,2.0,3,2,2,2,1,19,M,0,4,land,72,45,,2,WHITMAN,4544,True
110648,7/10/2018,6:42 PM,7/10/2018,6:57 PM,2,2,1,2,1,1,2,1,1956,1,1,,,4,1,4,2,4,,3.0,4,,4.0,1,1.0,1,,1.0,1,1.0,1,1,1,1,1,3,1,1,,1.0,,1.0,1,1,1,1,1,12,7,2,2.0,2,4,,4,2,62,M,0,1,land,93,67,M,4,SPOKANE,4611,True
110651,7/10/2018,7:18 PM,7/10/2018,7:30 PM,2,1,2,1,2,1,1,2,1986,2,5,1.0,,3,2,4,6,3,,4.0,4,,4.0,1,1.0,1,,1.0,1,,3,3,3,3,1,3,1,1,3.0,,3.0,,3,3,3,3,1,12,6,3,,1,4,,2,1,32,F,0,2,land,50,68,,4,SPOKANE,4562,True
110653,7/10/2018,7:19 PM,7/10/2018,7:34 PM,1,1,1,1,2,1,1,2,1974,2,5,1.0,1.0,4,1,4,5,4,2.0,,3,2.0,,1,,1,1.0,,1,1.0,1,1,1,1,1,2,1,1,1.0,,1.0,,1,1,1,1,1,4,6,2,2.0,2,4,,1,2,44,F,0,2,land,94,23,M,4,SPOKANE,4494,True
110659,7/10/2018,7:24 PM,7/10/2018,7:43 PM,2,1,2,1,2,1,1,1,1959,1,1,,,4,1,4,5,4,,2.0,4,,4.0,1,1.0,1,,1.0,1,,1,3,1,2,1,3,1,1,1.0,,1.0,,1,1,1,1,1,3,5,2,2.0,1,2,1;5,3,2,59,M,0,2,land,95,80,M,4,SPOKANE,4247,True
110662,7/10/2018,7:44 PM,7/10/2018,8:02 PM,1,2,2,1,2,1,1,2,1960,2,1,,5.0,4,3,4,2,4,1.0,,4,5.0,,3,,1,1.0,,5,,2,1,2,1,1,2,1,1,1.0,,1.0,,1,1,1,1,5,13,2,2,2.0,2,1,1;2;3;4,3,2,60,F,0,2,append,76,85,M,4,SPOKANE,4683,False
110665,7/10/2018,7:34 PM,7/10/2018,7:49 PM,2,1,1,2,4,1,2,2,1953,3,4,,,2,5,2,2,2,,4.0,2,,2.0,3,3.0,3,,2.0,3,3.0,3,3,3,3,3,4,3,2,,3.0,,3.0,3,3,3,3,3,12,7,2,2.0,5,2,2;3,1,2,55,F,0,4,land,86,18,M,1,WHITMAN,4562,False
110667,7/10/2018,7:39 PM,7/10/2018,7:53 PM,2,2,2,1,4,1,1,2,1957,1,3,,,1,4,1,4,1,,4.0,1,,3.0,3,2.0,2,,2.0,3,,2,3,3,3,3,1,3,2,3.0,,3.0,,2,2,2,2,3,13,4,2,2.0,4,1,1,5,2,61,F,0,4,land,91,59,M,1,STEVENS,4494,True
110668,7/10/2018,7:41 PM,7/10/2018,7:53 PM,1,1,2,2,2,1,1,2,1960,1,5,1.0,1.0,4,2,4,2,4,1.0,,4,2.0,,1,,1,1.0,,1,,1,1,1,1,1,3,1,1,,1.0,,1.0,1,1,1,1,1,13,8,99,,2,5,,6,3,58,F,0,2,good_wireless,91,97,M,3,SPOKANE,4682,True
110671,7/10/2018,7:42 PM,7/10/2018,7:55 PM,2,2,1,1,1,1,1,2,1967,1,5,1.0,,4,2,4,6,4,,2.0,4,,3.0,1,1.0,1,,1.0,1,1.0,1,1,1,1,1,2,1,1,1.0,,1.0,,1,1,1,1,1,7,5,2,2.0,2,2,2;3,1,1,51,F,0,1,land,84,42,M,4,SPOKANE,5002,True
110673,7/10/2018,7:43 PM,7/10/2018,7:58 PM,2,2,2,2,3,1,1,1,1966,1,5,3.0,,1,4,1,5,2,,4.0,5,,5.0,3,2.0,2,,2.0,3,,3,3,3,3,3,1,3,2,,3.0,,3.0,3,1,3,3,3,12,6,2,1.0,3,3,1;2,1,2,52,M,0,3,land,89,3,M,4,SPOKANE,4614,True
110675,7/10/2018,7:47 PM,7/10/2018,8:01 PM,2,2,2,1,2,1,1,2,1996,1,2,,,4,1,4,5,4,,2.0,4,,4.0,1,1.0,1,,1.0,1,,1,1,1,2,1,3,1,1,1.0,,1.0,,1,1,1,1,1,11,6,2,2.0,1,4,,3,2,22,F,0,2,land,83,62,M,4,SPOKANE,4466,True
110677,7/10/2018,7:49 PM,7/10/2018,8:05 PM,2,1,2,1,3,1,3,1,1998,2,3,,,1,5,2,6,2,,4.0,2,,1.0,3,2.0,2,,2.0,3,,3,3,3,3,3,1,3,2,3.0,,3.0,,3,3,2,3,3,12,5,2,2.0,5,3,3,3,2,20,M,0,3,land,23,35,M,4,SPOKANE,4684,True
110678,7/10/2018,7:52 PM,7/10/2018,8:11 PM,1,2,2,1,4,1,1,2,1954,2,5,3.0,2.0,3,5,4,5,3,2.0,,2,2.0,,1,,1,1.0,,1,,1,1,1,1,1,3,1,1,1.0,,1.0,,1,1,1,2,1,12,6,2,2.0,3,2,4,1,2,64,F,0,4,land,96,4,M,2,WHITMAN,4247,True
110679,7/10/2018,7:58 PM,7/10/2018,8:12 PM,2,1,1,2,4,1,1,2,1959,1,1,,,4,1,4,1,4,,2.0,4,,4.0,1,1.0,1,,1.0,1,1.0,1,1,1,1,1,3,1,1,,1.0,,1.0,1,1,1,1,1,12,2,2,2.0,3,4,,1,2,59,F,0,4,land,69,69,M,1,WHITMAN,4682,True
110681,7/10/2018,7:59 PM,7/10/2018,8:11 PM,1,2,1,1,4,1,1,1,1941,2,5,2.0,3.0,1,4,1,3,2,4.0,,2,4.0,,3,,2,3.0,,3,3.0,3,3,3,3,3,1,3,2,3.0,,3.0,,3,3,3,3,3,12,6,2,2.0,5,1,4,1,2,44,F,0,4,land,81,73,M,2,WALLA WALLA,4611,False
110693,7/10/2018,8:14 PM,7/10/2018,8:31 PM,2,2,2,1,4,1,1,1,1972,1,3,,,2,4,1,3,1,,4.0,2,,2.0,3,2.0,2,,2.0,3,,3,3,3,3,3,1,3,2,3.0,,3.0,,3,3,3,3,3,13,5,2,2.0,5,1,1;2;3;4;5,1,1,46,M,0,4,land,93,59,M,1,WHITMAN,4466,True
110697,7/10/2018,8:18 PM,7/10/2018,8:34 PM,2,1,2,2,4,1,1,1,1971,1,5,1.0,,4,2,4,6,4,,2.0,4,,4.0,1,1.0,1,,2.0,1,,1,1,1,1,1,3,1,1,,1.0,,2.0,1,1,2,1,1,12,7,2,2.0,2,4,,1,1,47,M,0,4,land,74,50,M,2,ASOTIN,4544,True
110703,7/10/2018,8:26 PM,7/10/2018,8:39 PM,1,2,1,1,3,1,1,1,1945,1,1,,1.0,4,1,3,2,4,1.0,,4,4.0,,1,,1,1.0,,1,3.0,3,3,3,3,1,3,1,1,3.0,,3.0,,3,3,3,3,1,6,8,2,2.0,3,5,,1,2,63,F,0,3,land,94,97,M,2,SPOKANE,4611,False
110704,7/10/2018,8:28 PM,7/10/2018,8:44 PM,2,2,2,1,4,1,2,1,1959,2,4,,,2,6,2,4,1,,4.0,3,,4.0,4,2.0,2,,2.0,4,,3,3,3,3,3,1,3,2,3.0,,3.0,,3,3,3,3,3,12,7,2,2.0,5,1,1;2,1,1,59,M,0,4,land,84,28,,1,STEVENS,4257,True
110705,7/10/2018,8:32 PM,7/10/2018,8:43 PM,1,1,2,2,1,1,1,2,1985,1,1,,1.0,4,1,4,1,4,1.0,,4,2.0,,1,,1,1.0,,1,,1,1,1,1,1,3,1,1,,1.0,,1.0,1,1,1,1,1,12,6,2,2.0,2,4,,3,2,33,F,0,1,land,77,95,M,4,SPOKANE,4684,True
110706,7/10/2018,8:34 PM,7/10/2018,8:53 PM,1,1,1,2,4,1,1,2,1960,2,5,1.0,5.0,3,5,4,2,1,2.0,,3,2.0,,3,,1,1.0,,1,1.0,1,1,1,1,1,1,1,2,,1.0,,1.0,1,1,1,1,1,12,5,2,2.0,2,3,1;2;3;4,1,1,58,F,0,4,land,59,75,M,2,ASOTIN,4247,True
110709,7/10/2018,8:38 PM,7/10/2018,8:55 PM,2,1,2,2,4,1,1,1,1991,3,5,3.0,,2,7,4,7,7,,5.0,6,,5.0,5,1.0,2,,1.0,1,,1,1,2,1,1,1,5,2,,2.0,,2.0,1,1,1,2,5,12,2,2,2.0,4,3,1;2;3;4,1,2,27,M,0,4,land,48,44,M,1,FERRY,4614,True
110715,7/10/2018,8:44 PM,7/10/2018,9:02 PM,1,1,2,2,4,1,1,1,1999,1,3,,3.0,1,6,1,2,1,4.0,,2,4.0,,3,,2,4.0,,3,,3,3,3,4,3,1,3,2,,3.0,,3.0,3,3,3,3,3,13,1,1,1.0,3,4,,3,2,19,M,0,4,land,69,20,,1,STEVENS,4466,True
110718,7/10/2018,8:46 PM,7/10/2018,9:04 PM,1,2,1,2,4,1,1,2,1968,2,1,,1.0,5,5,4,1,4,1.0,,5,1.0,,2,,1,1.0,,1,1.0,1,1,1,1,1,2,1,3,,1.0,,1.0,1,1,1,1,1,5,5,2,2.0,2,4,,1,1,50,F,0,4,land,79,62,M,1,WHITMAN,4494,True
110719,7/10/2018,8:48 PM,7/10/2018,9:06 PM,2,2,1,2,4,1,1,2,1975,3,5,3.0,,5,5,4,6,2,,5.0,2,,3.0,5,1.0,1,,2.0,5,2.0,1,1,1,1,2,1,5,3,,2.0,,2.0,2,1,4,1,2,5,6,2,2.0,3,4,,3,2,43,M,0,4,land,32,51,M,1,STEVENS,3146,False
110722,7/10/2018,8:51 PM,7/10/2018,9:04 PM,1,1,2,2,4,1,1,2,1954,1,1,,1.0,4,1,4,1,4,1.0,,4,1.0,,1,,1,1.0,,1,,1,1,1,1,1,3,1,1,,1.0,,1.0,1,1,1,1,1,12,7,2,2.0,2,2,3,1,2,64,F,0,4,land,95,96,M,2,WALLA WALLA,5002,True
110723,7/10/2018,8:54 PM,7/10/2018,9:12 PM,2,1,2,1,4,1,2,2,1964,3,6,2.0,,2,6,4,7,1,,4.0,6,,2.0,5,3.0,3,,2.0,4,,1,4,2,2,4,1,3,2,3.0,,3.0,,3,3,2,2,3,13,3,2,2.0,4,5,,1,1,54,F,0,4,land,90,40,M,1,STEVENS,4544,True
110730,7/10/2018,8:58 PM,7/10/2018,9:13 PM,2,1,1,2,1,1,1,2,1978,3,5,3.0,,3,1,3,5,1,,1.0,3,,3.0,1,3.0,2,,2.0,1,1.0,1,1,1,1,3,1,1,2,,1.0,,1.0,1,1,1,1,1,5,2,2,2.0,3,3,1;3,1,1,40,F,0,1,land,45,53,M,4,SPOKANE,4683,True
110735,7/10/2018,9:01 PM,7/10/2018,9:20 PM,2,2,1,2,4,1,1,2,1955,4,3,,,2,4,1,2,1,,4.0,1,,3.0,3,2.0,2,,2.0,3,3.0,3,3,3,3,3,1,3,2,,3.0,,1.0,3,3,3,3,3,12,5,2,2.0,4,1,1;2;4,1,2,63,F,0,4,land,96,2,M,2,WALLA WALLA,4247,True
110736,7/10/2018,9:02 PM,7/10/2018,9:15 PM,1,1,2,1,2,1,1,1,1980,4,2,,2.0,6,3,4,5,4,2.0,,4,3.0,,2,,1,4.0,,2,,1,1,1,2,1,2,1,3,1.0,,1.0,,1,1,1,1,1,1,3,2,2.0,3,1,5,1,1,38,M,1,2,append,36,63,M,4,SPOKANE,4292,True
110737,7/10/2018,9:03 PM,7/10/2018,9:15 PM,1,1,1,1,4,1,1,2,1998,3,6,4.0,5.0,7,7,3,7,7,7.0,,7,7.0,,5,,1,1.0,,1,3.0,2,4,2,4,5,2,5,1,2.0,,1.0,,2,3,3,4,5,4,2,3,,6,4,,3,2,20,F,0,4,land,36,65,,1,WALLA WALLA,4523,True
110743,7/10/2018,9:09 PM,7/10/2018,9:26 PM,2,2,1,1,1,1,2,2,1977,3,3,,,3,5,2,6,2,,2.0,6,,2.0,1,2.0,1,,2.0,1,3.0,3,3,3,3,1,3,1,2,3.0,,3.0,,3,3,3,3,1,13,4,2,2.0,4,2,1,1,1,41,F,1,1,append,66,5,M,5,SPOKANE,4418,True
110748,7/10/2018,9:10 PM,7/10/2018,9:26 PM,1,1,2,1,4,1,1,1,1979,3,5,2.0,1.0,1,3,4,6,4,2.0,,3,3.0,,3,,2,3.0,,2,,3,3,3,3,1,1,1,2,3.0,,3.0,,3,3,3,3,1,12,6,2,2.0,4,3,3;4,1,1,39,M,0,4,land,55,11,M,1,STEVENS,4257,True
110749,7/10/2018,9:10 PM,7/10/2018,9:23 PM,2,1,2,2,3,1,1,1,1991,1,3,,,1,3,1,5,1,,4.0,2,,2.0,3,2.0,2,,2.0,3,,3,3,3,3,3,3,3,2,,3.0,,3.0,3,3,3,3,3,13,4,2,2.0,5,3,1;2;3;4,1,2,27,M,1,3,good_wireless,51,7,M,4,SPOKANE,4442,True
110756,7/10/2018,9:17 PM,7/10/2018,10:09 PM,1,2,1,2,1,1,1,1,1970,2,1,,2.0,4,2,4,2,4,1.0,,4,1.0,,1,,1,1.0,,1,1.0,1,1,2,3,1,3,1,1,,2.0,,2.0,1,1,1,1,1,11,6,2,2.0,1,4,,1,1,45,M,1,1,append,84,2,M,4,SPOKANE,4381,False
110758,7/10/2018,9:18 PM,7/10/2018,9:39 PM,1,2,1,2,3,1,1,1,1980,2,5,1.0,5.0,2,2,4,2,3,2.0,,3,2.0,,1,,1,3.0,,1,2.0,2,1,1,3,1,3,1,1,,2.0,,2.0,3,2,3,3,1,12,6,2,2.0,3,1,2;3,4,2,38,M,1,3,append,42,24,M,1,SPOKANE,4200,True
110759,7/10/2018,9:18 PM,7/10/2018,9:30 PM,1,2,1,2,1,1,1,2,1978,1,1,,2.0,4,1,4,1,4,1.0,,4,1.0,,1,,1,1.0,,1,1.0,1,1,1,2,1,3,1,1,,4.0,,1.0,1,1,1,1,1,10,2,2,2.0,1,1,2,1,1,40,F,0,1,land,84,94,M,4,SPOKANE,4523,True
110764,7/10/2018,9:19 PM,7/10/2018,9:35 PM,1,1,2,1,1,1,1,1,1983,2,2,,2.0,4,2,4,6,3,1.0,,3,2.0,,1,,1,2.0,,1,,1,1,1,2,1,3,1,1,1.0,,2.0,,2,2,1,2,1,13,4,2,2.0,2,3,2,1,1,35,M,0,1,land,78,27,M,5,SPOKANE,4544,True
110767,7/10/2018,9:21 PM,7/10/2018,9:40 PM,1,2,2,1,1,1,1,2,1972,2,1,,1.0,4,1,4,5,4,1.0,,4,1.0,,1,,1,1.0,,1,,1,1,1,1,1,3,1,1,1.0,,1.0,,1,1,1,1,1,1,7,2,2.0,1,4,,2,1,46,F,1,1,append,17,80,M,4,SPOKANE,2789,True
110768,7/10/2018,9:21 PM,7/10/2018,9:35 PM,1,2,2,2,4,1,1,1,1966,2,1,,1.0,4,2,4,1,3,1.0,,4,2.0,,1,,1,3.0,,1,,1,1,1,1,1,3,1,1,,1.0,,1.0,1,1,1,1,1,2,5,2,2.0,3,2,1,1,2,52,M,0,4,land,94,98,M,1,STEVENS,4683,True
110769,7/10/2018,9:22 PM,7/10/2018,9:37 PM,1,1,2,2,1,1,1,1,1983,3,2,,1.0,3,2,3,6,3,1.0,,4,2.0,,1,,1,1.0,,1,,2,1,1,2,1,2,1,1,,1.0,,1.0,2,1,1,2,1,3,7,2,2.0,2,1,1;2,3,2,35,M,1,1,append,53,97,M,5,SPOKANE,4463,True
110770,7/10/2018,9:23 PM,7/10/2018,9:37 PM,1,1,1,1,4,1,1,2,1970,3,5,1.0,1.0,4,5,4,5,4,1.0,,2,2.0,,1,,1,3.0,,1,1.0,1,1,1,1,1,2,1,1,1.0,,1.0,,1,1,1,1,1,8,7,2,2.0,1,2,2;3;4,1,2,48,F,1,4,append,76,97,M,2,WALLA WALLA,3101,True
110771,7/10/2018,9:24 PM,7/10/2018,9:42 PM,1,2,1,1,4,1,1,2,1977,1,5,1.0,1.0,4,1,4,6,4,1.0,,4,2.0,,1,,1,1.0,,1,1.0,1,1,1,1,1,3,1,1,1.0,,1.0,,1,1,1,1,1,12,4,2,2.0,1,4,,1,1,41,F,1,4,good_wireless,79,66,M,3,WALLA WALLA,3731,True
110772,7/10/2018,9:25 PM,7/10/2018,9:43 PM,1,1,1,2,3,1,1,2,1966,3,3,,3.0,5,5,1,5,1,1.0,,1,4.0,,3,,2,3.0,,3,2.0,1,2,1,1,3,1,3,2,,3.0,,3.0,4,2,1,3,3,4,7,2,2.0,3,3,2;3;4,1,2,52,F,0,3,land,90,18,M,4,SPOKANE,4614,True
110773,7/10/2018,9:27 PM,7/10/2018,9:39 PM,2,1,2,1,3,1,1,1,1974,1,5,3.0,,1,4,1,4,1,,4.0,1,,4.0,3,2.0,2,,2.0,3,,2,3,3,3,3,1,3,2,2.0,,3.0,,3,3,3,3,3,13,4,2,2.0,3,5,,4,2,44,M,1,3,good_wireless,73,5,M,4,SPOKANE,4309,True
110000,7/9/2018,4:29 PM,7/9/2018,5:07 PM,2,2,1,2,3,1,1,2,1974,2,5,2.0,,1,3,2,7,1,,3.0,3,,3.0,3,2.0,2,,2.0,3,3.0,3,3,3,3,3,4,3,2,,3.0,,3.0,3,3,3,3,3,13,8,2,2.0,5,5,,6,3,28,M,0,3,land,80,56,M,3,SPOKANE,4523,False
110001,7/9/2018,4:28 PM,7/9/2018,4:46 PM,1,2,1,1,1,1,2,1,1991,2,5,1.0,2.0,6,6,4,6,3,2.0,,4,3.0,,1,,1,1.0,,5,1.0,2,1,2,1,5,1,5,1,2.0,,3.0,,2,1,2,3,5,13,6,2,2.0,3,4,,3,2,27,M,0,1,land,25,43,,5,SPOKANE,4418,True
110038,7/9/2018,5:13 PM,7/9/2018,5:30 PM,1,2,2,2,4,1,1,1,1957,3,5,3.0,1.0,3,5,7,6,1,2.0,,3,4.0,,2,,3,1.0,,2,,1,1,1,1,2,2,1,2,,1.0,,2.0,3,1,2,2,1,12,5,2,2.0,3,3,1;2;3;4,4,2,61,M,0,4,land,87,26,M,1,WHITMAN,4682,True
110775,7/10/2018,9:27 PM,7/10/2018,9:40 PM,1,1,1,1,4,1,1,1,1961,3,3,,3.0,2,3,1,6,1,2.0,,3,4.0,,3,,3,3.0,,3,3.0,3,3,3,3,3,1,3,2,3.0,,3.0,,3,3,3,3,3,12,2,2,2.0,5,3,1;2;3;4,1,2,57,M,0,4,land,96,20,M,1,FERRY,5002,True
110776,7/10/2018,9:28 PM,7/10/2018,9:46 PM,1,1,1,1,4,1,1,1,1965,1,3,,3.0,1,5,2,5,1,2.0,,1,4.0,,3,,2,4.0,,3,1.0,3,3,3,2,3,1,3,2,2.0,,3.0,,2,2,1,2,3,8,5,2,2.0,4,3,1;2;4,3,2,53,M,1,4,append,89,8,M,3,WALLA WALLA,4134,True
110777,7/10/2018,9:29 PM,7/10/2018,9:45 PM,1,1,2,1,4,1,1,2,1959,4,5,2.0,3.0,2,6,1,3,1,4.0,,2,3.0,,3,,2,3.0,,3,,3,3,3,3,3,1,3,2,2.0,,2.0,,2,2,2,2,3,13,2,2,2.0,5,1,1;2;3;4,1,2,59,F,0,4,land,89,4,M,1,STEVENS,4000,True
110787,7/10/2018,9:37 PM,7/10/2018,9:48 PM,1,1,2,1,3,1,1,1,1965,1,3,,3.0,1,4,3,3,1,4.0,,1,4.0,,3,,2,3.0,,3,,3,3,3,3,3,1,3,2,3.0,,3.0,,3,3,3,3,3,13,6,2,2.0,5,5,,1,1,53,M,0,3,append,81,46,M,4,SPOKANE,4523,True
110794,7/10/2018,9:43 PM,7/10/2018,10:04 PM,1,2,1,2,4,1,2,2,1985,2,5,2.0,5.0,2,2,1,6,1,4.0,,5,3.0,,4,,3,3.0,,4,3.0,2,3,3,3,4,1,4,2,,3.0,,3.0,3,3,3,3,4,13,5,2,2.0,4,1,3,1,1,33,F,1,4,bad_wireless,29,29,M,1,STEVENS,4609,True
110797,7/10/2018,9:43 PM,7/10/2018,9:55 PM,2,2,2,1,4,1,1,2,1954,1,1,,,4,1,4,1,4,,2.0,4,,4.0,1,1.0,1,,2.0,1,,3,1,3,3,1,3,1,1,3.0,,3.0,,3,3,3,3,1,12,6,2,2.0,3,4,,6,2,64,F,0,4,land,94,98,M,3,WHITMAN,5002,True
110800,7/10/2018,9:45 PM,7/10/2018,9:56 PM,1,1,2,2,4,1,1,1,1985,1,3,,3.0,6,6,1,6,1,1.0,,6,5.0,,1,,3,3.0,,1,,2,2,3,2,1,1,1,2,,3.0,,2.0,3,2,2,3,3,13,3,2,2.0,6,1,1;2;3;4,1,1,33,M,1,4,append,67,38,,1,STEVENS,4292,True
110801,7/10/2018,9:45 PM,7/10/2018,10:01 PM,2,1,2,1,1,1,1,1,1984,2,2,,,4,1,4,1,4,,2.0,4,,4.0,1,1.0,1,,1.0,1,,1,1,1,1,1,3,1,1,1.0,,1.0,,1,1,1,1,1,2,6,2,2.0,1,4,,1,1,34,M,1,1,append,76,30,M,4,SPOKANE,3731,True
110802,7/10/2018,9:46 PM,7/10/2018,9:53 PM,1,1,1,2,1,1,1,2,1966,1,1,,1.0,4,1,4,6,2,1.0,,4,1.0,,1,,1,1.0,,1,1.0,1,1,1,1,1,3,1,1,,1.0,,1.0,1,1,1,1,1,12,2,2,2.0,1,4,,3,1,52,F,1,1,append,86,97,M,5,SPOKANE,4535,True
110803,7/10/2018,9:46 PM,7/10/2018,9:59 PM,2,1,2,2,3,1,1,1,1955,1,1,,,4,1,4,1,4,,2.0,4,,4.0,1,1.0,1,,1.0,1,,1,1,1,2,1,3,2,1,,1.0,,1.0,1,4,1,1,1,12,7,2,2.0,1,4,,1,2,63,M,0,3,land,96,95,M,4,SPOKANE,4466,True
110804,7/10/2018,9:47 PM,7/10/2018,10:00 PM,2,1,1,1,2,1,2,1,1985,2,5,2.0,,5,6,2,6,1,,5.0,5,,2.0,3,2.0,3,,2.0,3,2.0,2,1,3,1,3,1,3,2,2.0,,3.0,,1,2,1,2,3,13,6,2,2.0,3,3,2;3,1,1,33,M,1,2,good_wireless,30,15,,2,SPOKANE,4442,True
110070,7/9/2018,5:38 PM,7/9/2018,5:54 PM,2,2,1,1,3,1,1,2,1974,2,3,,,1,3,1,3,1,,4.0,1,,2.0,3,2.0,2,,2.0,3,3.0,3,3,3,3,3,1,3,2,3.0,,3.0,,3,3,3,3,3,12,6,2,2.0,5,4,,1,1,44,F,0,3,land,61,26,M,2,SPOKANE,4544,True
110116,7/9/2018,6:16 PM,7/9/2018,6:33 PM,2,2,2,1,1,1,1,2,1956,2,3,,,1,3,1,3,2,,4.0,2,,2.0,3,2.0,2,,2.0,3,,3,3,3,3,3,1,3,2,3.0,,3.0,,3,3,3,3,3,13,4,2,2.0,5,2,1;2,1,2,62,F,0,1,land,96,1,M,4,SPOKANE,3600,True
110156,7/9/2018,7:19 PM,7/9/2018,9:27 PM,1,1,2,1,1,1,1,1,1979,3,5,3.0,2.0,1,5,3,2,7,2.0,,3,3.0,,3,,1,1.0,,1,,1,1,1,1,2,1,1,2,1.0,,1.0,,1,1,1,1,1,12,5,2,2.0,3,2,1;2;3,3,2,28,F,1,1,good_wireless,25,64,M,5,SPOKANE,4683,False
110202,7/9/2018,7:51 PM,7/9/2018,8:06 PM,1,1,1,1,1,1,2,1,1956,3,5,3.0,5.0,5,5,4,5,1,2.0,,5,4.0,,5,,3,3.0,,4,3.0,3,3,1,3,4,3,5,3,3.0,,3.0,,3,3,3,3,5,13,5,2,2.0,3,1,1;2,2,2,62,M,0,1,land,84,72,M,4,SPOKANE,2789,True
110247,7/9/2018,8:20 PM,7/9/2018,8:40 PM,2,1,2,2,1,1,1,1,1982,2,3,,,5,6,4,6,1,,3.0,3,,4.0,3,1.0,1,,2.0,3,,2,1,2,3,3,1,3,2,,3.0,,3.0,2,2,1,2,3,3,4,2,2.0,3,1,2,1,2,36,M,1,1,append,94,10,M,4,SPOKANE,4573,True
110283,7/9/2018,8:41 PM,7/9/2018,8:54 PM,2,2,2,1,2,1,1,1,1955,1,5,3.0,,4,1,4,6,2,,2.0,3,,4.0,1,1.0,1,,1.0,1,,1,1,1,1,1,3,1,1,1.0,,3.0,,3,1,1,1,1,13,2,2,2.0,2,1,1;3,1,2,63,M,0,2,land,86,33,M,4,SPOKANE,4409,True
110328,7/9/2018,9:04 PM,7/9/2018,9:24 PM,2,1,2,1,2,1,3,2,1984,3,1,,,4,6,4,6,3,,4.0,6,,4.0,1,1.0,1,,3.0,1,,1,1,1,1,1,3,1,1,1.0,,1.0,,1,1,2,1,1,4,5,1,2.0,3,4,,2,1,34,F,1,2,append,36,52,,4,SPOKANE,4209,True
110363,7/9/2018,9:24 PM,7/9/2018,9:41 PM,1,2,2,1,3,1,1,2,1983,3,3,,3.0,1,3,1,7,1,4.0,,2,2.0,,3,,2,3.0,,3,,2,2,3,1,3,1,3,2,3.0,,3.0,,3,3,2,3,3,13,5,2,2.0,5,2,3,1,1,35,F,1,3,good_wireless,87,6,M,4,SPOKANE,4355,True
110396,7/10/2018,12:06 PM,7/10/2018,12:28 PM,2,1,2,2,3,1,1,2,1932,2,3,,,2,6,1,5,2,,5.0,2,,5.0,5,3.0,3,,1.0,3,,3,3,3,3,3,3,3,2,,3.0,,3.0,3,3,3,3,3,13,4,97,2.0,4,4,,5,2,86,F,0,3,land,91,2,M,4,SPOKANE,4573,True
110437,7/10/2018,12:39 PM,7/10/2018,12:58 PM,1,2,2,1,4,1,1,2,1951,2,1,,2.0,4,2,4,5,1,2.0,,3,2.0,,1,,1,2.0,,1,,1,1,1,1,1,2,1,1,1.0,,1.0,,1,1,1,1,1,7,6,2,2.0,1,2,4,1,2,67,F,0,4,land,96,95,M,3,ASOTIN,2453,True
110438,7/10/2018,12:39 PM,7/10/2018,12:59 PM,1,2,2,2,4,1,1,2,1974,2,6,2.0,5.0,3,6,1,5,1,2.0,,5,3.0,,1,,3,3.0,,1,,1,2,1,1,1,1,1,2,,3.0,,3.0,3,3,2,2,1,12,6,2,2.0,4,1,1;2;3;4,1,1,44,F,0,4,land,64,52,M,3,WALLA WALLA,4690,True
110476,7/10/2018,1:11 PM,7/10/2018,1:27 PM,1,1,1,1,3,1,1,1,1953,3,4,,5.0,2,5,4,5,3,1.0,,5,3.0,,3,,1,1.0,,5,1.0,2,2,1,2,5,2,5,3,1.0,,2.0,,1,1,1,1,5,2,2,2,2.0,4,4,,5,2,19,M,0,3,land,71,45,,4,SPOKANE,4463,False
110524,7/10/2018,2:13 PM,7/10/2018,2:29 PM,2,1,2,1,1,1,2,2,1999,2,5,3.0,,3,6,2,6,2,,5.0,6,,5.0,5,1.0,1,,2.0,3,,2,2,3,3,3,3,3,2,2.0,,3.0,,2,2,2,3,3,5,4,2,2.0,1,1,3,3,2,19,F,0,1,land,74,74,,5,SPOKANE,3878,True
110562,7/10/2018,4:05 PM,7/10/2018,4:21 PM,2,1,1,2,3,1,1,1,1993,1,5,1.0,,3,1,3,2,2,,4.0,3,,3.0,1,1.0,1,,1.0,1,2.0,2,2,2,2,1,2,1,1,,1.0,,2.0,1,1,1,1,1,1,2,2,2.0,1,4,,3,2,25,M,0,3,land,58,41,M,3,SPOKANE,4683,True
110572,7/10/2018,4:20 PM,7/10/2018,4:41 PM,1,2,2,2,4,1,3,2,1983,3,5,1.0,5.0,3,5,4,3,1,1.0,,4,2.0,,5,,1,3.0,,2,,1,1,2,1,2,1,5,3,,3.0,,2.0,1,1,1,3,5,1,6,2,2.0,2,3,1;2,2,1,37,M,0,4,land,40,31,,1,STEVENS,4466,False
110608,7/10/2018,5:22 PM,7/10/2018,5:49 PM,1,2,2,1,3,1,1,2,1962,2,5,2.0,3.0,1,2,3,7,2,4.0,,5,2.0,,2,,2,1.0,,4,,3,1,2,3,5,1,4,2,1.0,,3.0,,2,2,2,2,4,12,5,2,2.0,3,3,2;3;4,1,2,56,F,0,3,land,89,2,M,4,SPOKANE,4247,True
110657,7/10/2018,7:21 PM,7/10/2018,7:48 PM,2,1,1,2,1,1,3,2,1954,3,4,,,4,5,2,6,2,,4.0,1,,3.0,1,2.0,1,,2.0,2,3.0,1,1,3,1,1,1,5,2,,3.0,,3.0,3,3,3,3,5,12,6,2,2.0,3,4,,4,2,64,F,0,1,land,48,19,M,4,SPOKANE,4000,True
110702,7/10/2018,8:26 PM,7/10/2018,9:17 PM,2,2,2,2,2,1,1,1,1958,1,4,,,4,1,4,1,4,,1.0,3,,4.0,1,1.0,1,,2.0,1,,1,1,1,1,1,3,1,1,,1.0,,1.0,1,1,1,1,1,12,6,2,2.0,3,1,4,3,2,60,M,0,2,land,96,58,M,4,SPOKANE,4682,True
110739,7/10/2018,9:04 PM,7/10/2018,9:18 PM,1,1,1,1,2,1,1,1,1967,3,4,,5.0,2,7,5,5,2,4.0,,1,3.0,,5,,2,1.0,,5,2.0,3,2,3,3,5,3,5,3,3.0,,2.0,,2,2,2,3,5,12,7,2,2.0,3,4,,1,2,52,M,0,2,land,90,3,M,2,SPOKANE,4611,True
110774,7/10/2018,9:27 PM,7/10/2018,9:44 PM,1,1,1,2,1,1,1,2,1977,1,5,3.0,1.0,4,1,4,2,4,1.0,,4,3.0,,1,,1,1.0,,1,1.0,1,1,1,1,1,3,1,1,,1.0,,1.0,1,1,1,1,1,12,7,2,2.0,1,4,,1,1,41,F,1,1,append,66,82,M,5,SPOKANE,4348,True
