project_id,weight_scheme_id,respondent_id,weight
18058,0,1,1
18058,0,2,1
18058,0,3,1
18058,0,4,1
18058,0,5,1
18058,0,6,1
18058,0,7,1
18058,0,8,1
18058,0,9,1
18058,0,10,1
18058,0,11,1
18058,0,12,1
18058,0,13,1
18058,0,14,1
18058,0,15,1
18058,0,16,1
18058,0,17,1
18058,0,18,1
18058,0,19,1
18058,0,20,1
18058,0,21,1
18058,0,22,1
18058,0,23,1
18058,0,24,1
18058,0,25,1
18058,0,26,1
18058,0,27,1
18058,0,28,1
18058,0,29,1
18058,0,30,1
18058,0,31,1
18058,0,32,1
18058,0,33,1
18058,0,34,1
18058,0,35,1
18058,0,36,1
18058,0,37,1
18058,0,38,1
18058,0,39,1
18058,0,40,1
18058,0,41,1
18058,0,42,1
18058,0,43,1
18058,0,44,1
18058,0,45,1
18058,0,46,1
18058,0,47,1
18058,0,48,1
18058,0,49,1
18058,0,50,1
18058,0,51,1
18058,0,52,1
18058,0,53,1
18058,0,54,1
18058,0,55,1
18058,0,56,1
18058,0,57,1
18058,0,58,1
18058,0,59,1
18058,0,60,1
18058,0,61,1
18058,0,62,1
18058,0,63,1
18058,0,64,1
18058,0,65,1
18058,0,66,1
18058,0,67,1
18058,0,68,1
18058,0,69,1
18058,0,70,1
18058,0,71,1
18058,0,72,1
18058,0,73,1
18058,0,74,1
18058,0,75,1
18058,0,76,1
18058,0,77,1
18058,0,78,1
18058,0,79,1
18058,0,80,1
18058,0,81,1
18058,0,82,1
18058,0,83,1
18058,0,84,1
18058,0,85,1
18058,0,86,1
18058,0,87,1
18058,0,88,1
18058,0,89,1
18058,0,90,1
18058,0,91,1
18058,0,92,1
18058,0,93,1
18058,0,94,1
18058,0,95,1
18058,0,96,1
18058,0,97,1
18058,0,98,1
18058,0,99,1
18058,0,100,1
18058,0,101,1
18058,0,102,1
18058,0,103,1
18058,0,104,1
18058,0,105,1
18058,0,106,1
18058,0,107,1
18058,0,108,1
18058,0,109,1
18058,0,110,1
18058,0,111,1
18058,0,112,1
18058,0,113,1
18058,0,114,1
18058,0,115,1
18058,0,116,1
18058,0,117,1
18058,0,118,1
18058,0,119,1
18058,0,120,1
18058,0,121,1
18058,0,122,1
18058,0,123,1
18058,0,124,1
18058,0,125,1
18058,0,126,1
18058,0,127,1
18058,0,128,1
18058,0,129,1
18058,0,130,1
18058,0,131,1
18058,0,132,1
18058,0,133,1
18058,0,134,1
18058,0,135,1
18058,0,136,1
18058,0,137,1
18058,0,138,1
18058,0,139,1
18058,0,140,1
18058,0,141,1
18058,0,142,1
18058,0,143,1
18058,0,144,1
18058,0,145,1
18058,0,146,1
18058,0,147,1
18058,0,148,1
18058,0,149,1
18058,0,150,1
18058,0,151,1
18058,0,152,1
18058,0,153,1
18058,0,154,1
18058,0,155,1
18058,0,156,1
18058,0,157,1
18058,0,158,1
18058,0,159,1
18058,0,160,1
18058,0,161,1
18058,0,162,1
18058,0,163,1
18058,0,164,1
18058,0,165,1
18058,0,166,1
18058,0,167,1
18058,0,168,1
18058,0,169,1
18058,0,170,1
18058,0,171,1
18058,0,172,1
18058,0,173,1
18058,0,174,1
18058,0,175,1
18058,0,176,1
18058,0,177,1
18058,0,178,1
18058,0,179,1
18058,0,180,1
18058,0,181,1
18058,0,182,1
18058,0,183,1
18058,0,184,1
18058,0,185,1
18058,0,186,1
18058,0,187,1
18058,0,188,1
18058,0,189,1
18058,0,190,1
18058,0,191,1
18058,0,192,1
18058,0,193,1
18058,0,194,1
18058,0,195,1
18058,0,196,1
18058,0,197,1
18058,0,198,1
18058,0,199,1
18058,0,200,1
18058,0,201,1
18058,0,202,1
18058,0,203,1
18058,0,204,1
18058,0,205,1
18058,0,206,1
18058,0,207,1
18058,0,208,1
18058,0,209,1
18058,0,210,1
18058,0,211,1
18058,0,212,1
18058,0,213,1
18058,0,214,1
18058,0,215,1
18058,0,216,1
18058,0,217,1
18058,0,218,1
18058,0,219,1
18058,0,220,1
18058,0,221,1
18058,0,222,1
18058,0,223,1
18058,0,224,1
18058,0,225,1
18058,0,226,1
18058,0,227,1
18058,0,228,1
18058,0,229,1
18058,0,230,1
18058,0,231,1
18058,0,232,1
18058,0,233,1
18058,0,234,1
18058,0,235,1
18058,0,236,1
18058,0,237,1
18058,0,238,1
18058,0,239,1
18058,0,240,1
18058,0,241,1
18058,0,242,1
18058,0,243,1
18058,0,244,1
18058,0,245,1
18058,0,246,1
18058,0,247,1
18058,0,248,1
18058,0,249,1
18058,0,250,1
18058,0,251,1
18058,0,252,1
18058,0,253,1
18058,0,254,1
18058,0,255,1
18058,0,256,1
18058,0,257,1
18058,0,258,1
18058,0,259,1
18058,0,260,1
18058,0,261,1
18058,0,262,1
18058,0,263,1
18058,0,264,1
18058,0,265,1
18058,0,266,1
18058,0,267,1
18058,0,268,1
18058,0,269,1
18058,0,270,1
18058,0,271,1
18058,0,272,1
18058,0,273,1
18058,0,274,1
18058,0,275,1
18058,0,276,1
18058,0,277,1
18058,0,278,1
18058,0,279,1
18058,0,280,1
18058,0,281,1
18058,0,282,1
18058,0,283,1
18058,0,284,1
18058,0,285,1
18058,0,286,1
18058,0,287,1
18058,0,288,1
18058,0,289,1
18058,0,290,1
18058,0,291,1
18058,0,292,1
18058,0,293,1
18058,0,294,1
18058,0,295,1
18058,0,296,1
18058,0,297,1
18058,0,298,1
18058,0,299,1
18058,0,300,1
18058,0,301,1
18058,0,302,1
18058,0,303,1
18058,0,304,1
18058,0,305,1
18058,0,306,1
18058,0,307,1
18058,0,308,1
18058,0,309,1
18058,0,310,1
18058,0,311,1
18058,0,312,1
18058,0,313,1
18058,0,314,1
18058,0,315,1
18058,0,316,1
18058,0,317,1
18058,0,318,1
18058,0,319,1
18058,0,320,1
18058,0,321,1
18058,0,322,1
18058,0,323,1
18058,0,324,1
18058,0,325,1
18058,0,326,1
18058,0,327,1
18058,0,328,1
18058,0,329,1
18058,0,330,1
18058,0,331,1
18058,0,332,1
18058,0,333,1
18058,0,334,1
18058,0,335,1
18058,0,336,1
18058,0,337,1
18058,0,338,1
18058,0,339,1
18058,0,340,1
18058,0,341,1
18058,0,342,1
18058,0,343,1
18058,0,344,1
18058,0,345,1
18058,0,346,1
18058,0,347,1
18058,0,348,1
18058,0,349,1
18058,0,350,1
18058,0,351,1
18058,0,352,1
18058,0,353,1
18058,0,354,1
18058,0,355,1
18058,0,356,1
18058,0,357,1
18058,0,358,1
18058,0,359,1
18058,0,360,1
18058,0,361,1
18058,0,362,1
18058,0,363,1
18058,0,364,1
18058,0,365,1
18058,0,366,1
18058,0,367,1
18058,0,368,1
18058,0,369,1
18058,0,370,1
18058,0,371,1
18058,0,372,1
18058,0,373,1
18058,0,374,1
18058,0,375,1
18058,0,376,1
18058,0,377,1
18058,0,378,1
18058,0,379,1
18058,0,380,1
18058,0,381,1
18058,0,382,1
18058,0,383,1
18058,0,384,1
18058,0,385,1
18058,0,386,1
18058,0,387,1
18058,0,388,1
18058,0,389,1
18058,0,390,1
18058,0,391,1
18058,0,392,1
18058,0,393,1
18058,0,394,1
18058,0,395,1
18058,0,396,1
18058,0,397,1
18058,0,398,1
18058,0,399,1
18058,0,400,1
18058,0,401,1
18058,0,402,1
18058,0,403,1
18058,1,1,1.131574664
18058,1,2,1.217101293
18058,1,3,1.341632857
18058,1,4,1.803200921
18058,1,5,0.781878216
18058,1,6,0.726446375
18058,1,7,0.752863252
18058,1,8,0.569486549
18058,1,9,2.174557909
18058,1,10,0.572117563
18058,1,11,1.283615605
18058,1,12,1.151923241
18058,1,13,0.938825097
18058,1,14,0.85345051
18058,1,15,0.395981027
18058,1,16,0.97203833
18058,1,17,0.56680283
18058,1,18,0.369252194
18058,1,19,0.832195268
18058,1,20,1.039266124
18058,1,21,1.267886997
18058,1,22,0.601793124
18058,1,23,0.875579178
18058,1,24,1.13115717
18058,1,25,0.899842108
18058,1,26,1.001830751
18058,1,27,0.783240402
18058,1,28,0.615586449
18058,1,29,0.868968637
18058,1,30,0.514508474
18058,1,31,0.676686638
18058,1,32,0.849099333
18058,1,33,0.773383232
18058,1,34,0.569155345
18058,1,35,0.962836445
18058,1,36,0.732434318
18058,1,37,0.832144071
18058,1,38,0.675506378
18058,1,39,0.61563876
18058,1,40,0.747636868
18058,1,41,0.515349195
18058,1,42,1.112647831
18058,1,43,0.998729168
18058,1,44,1.733568454
18058,1,45,0.675295543
18058,1,46,1.207389618
18058,1,47,0.373789238
18058,1,48,1.564408722
18058,1,49,1.244582863
18058,1,50,0.850491225
18058,1,51,0.84193799
18058,1,52,0.317694475
18058,1,53,0.805663055
18058,1,54,1.071878281
18058,1,55,0.443392673
18058,1,56,0.694843402
18058,1,57,1.118339864
18058,1,58,0.522119595
18058,1,59,0.609867909
18058,1,60,0.613851602
18058,1,61,1.810448859
18058,1,62,0.942054192
18058,1,63,0.679927422
18058,1,64,0.708039735
18058,1,65,0.822739673
18058,1,66,1.030146973
18058,1,67,1.441639235
18058,1,68,0.688867057
18058,1,69,0.37900813
18058,1,70,0.679927422
18058,1,71,0.934721757
18058,1,72,1.034079562
18058,1,73,1.552267471
18058,1,74,1.481377573
18058,1,75,0.466582124
18058,1,76,0.627806319
18058,1,77,1.038111594
18058,1,78,1.759284544
18058,1,79,1.785240372
18058,1,80,1.330621762
18058,1,81,1.203698256
18058,1,82,0.974314733
18058,1,83,0.891691659
18058,1,84,0.81365081
18058,1,85,0.808496629
18058,1,86,0.941290661
18058,1,87,0.940130489
18058,1,88,0.836300855
18058,1,89,0.875941152
18058,1,90,0.726446375
18058,1,91,0.740919766
18058,1,92,0.868968637
18058,1,93,0.781641001
18058,1,94,0.753968878
18058,1,95,0.786636898
18058,1,96,0.614329403
18058,1,97,0.622165828
18058,1,98,1.134605671
18058,1,99,0.609867909
18058,1,100,0.449171851
18058,1,101,1.217550508
18058,1,102,0.540767561
18058,1,103,0.949339957
18058,1,104,1.121020226
18058,1,105,1.204924092
18058,1,106,0.340023866
18058,1,107,0.48851528
18058,1,108,0.52788537
18058,1,109,1.255927178
18058,1,110,1.002471009
18058,1,111,0.685946937
18058,1,112,1.7045055
18058,1,113,1.136814805
18058,1,114,0.569047231
18058,1,115,0.903229223
18058,1,116,1.001049438
18058,1,117,1.549180038
18058,1,118,0.867910277
18058,1,119,0.903229223
18058,1,120,2.116872978
18058,1,121,0.443865801
18058,1,122,1.628689533
18058,1,123,0.609021094
18058,1,124,0.825194749
18058,1,125,1.308913223
18058,1,126,0.679324323
18058,1,127,0.867910277
18058,1,128,1.678701344
18058,1,129,0.697559004
18058,1,130,0.832144071
18058,1,131,0.875941152
18058,1,132,0.926309703
18058,1,133,1.149570979
18058,1,134,0.570949282
18058,1,135,0.548448334
18058,1,136,1.385072685
18058,1,137,0.568783563
18058,1,138,0.75242925
18058,1,139,1.087146304
18058,1,140,0.781878216
18058,1,141,0.793185143
18058,1,142,0.609021094
18058,1,143,1.149570979
18058,1,144,0.938825097
18058,1,145,1.204924092
18058,1,146,1.227804027
18058,1,147,1.420358682
18058,1,148,0.934991954
18058,1,149,1.047199726
18058,1,150,0.721224862
18058,1,151,0.817820333
18058,1,152,0.806845655
18058,1,153,0.622165828
18058,1,154,1.557333946
18058,1,155,0.609021094
18058,1,156,1.288560371
18058,1,157,0.899842108
18058,1,158,0.850491225
18058,1,159,1.135844301
18058,1,160,0.726446375
18058,1,161,1.027863445
18058,1,162,1.209633201
18058,1,163,0.888710317
18058,1,164,0.754255825
18058,1,165,1.227804027
18058,1,166,1.9795397
18058,1,167,0.828938128
18058,1,168,1.525727322
18058,1,169,1.131574664
18058,1,170,0.930361553
18058,1,171,0.998729168
18058,1,172,1.124354908
18058,1,173,1.087146304
18058,1,174,0.882116131
18058,1,175,0.839532912
18058,1,176,0.822982311
18058,1,177,0.846319928
18058,1,178,0.932265267
18058,1,179,0.743081601
18058,1,180,1.384417991
18058,1,181,1.194633961
18058,1,182,0.944422773
18058,1,183,0.644421482
18058,1,184,0.876629082
18058,1,185,1.144498452
18058,1,186,1.689339194
18058,1,187,1.128483459
18058,1,188,0.863181783
18058,1,189,0.418321248
18058,1,190,0.37900813
18058,1,191,0.583758548
18058,1,192,1.057287031
18058,1,193,0.671283306
18058,1,194,0.734403296
18058,1,195,1.055638041
18058,1,196,1.298410344
18058,1,197,1.451029045
18058,1,198,0.612755533
18058,1,199,1.076813763
18058,1,200,1.764739084
18058,1,201,2.362889142
18058,1,202,0.750558798
18058,1,203,0.486852358
18058,1,204,0.828938128
18058,1,205,1.473309136
18058,1,206,0.870746729
18058,1,207,0.50406423
18058,1,208,0.556104418
18058,1,209,1.235280896
18058,1,210,1.129070449
18058,1,211,1.028360289
18058,1,212,1.41690719
18058,1,213,0.607633044
18058,1,214,2.175422726
18058,1,215,0.632685547
18058,1,216,1.064947845
18058,1,217,0.468551424
18058,1,218,0.728488979
18058,1,219,1.760746506
18058,1,220,0.955743881
18058,1,221,0.875579178
18058,1,222,0.949339957
18058,1,223,0.896024505
18058,1,224,0.401644881
18058,1,225,1.087146304
18058,1,226,1.067705453
18058,1,227,0.743815444
18058,1,228,1.131574664
18058,1,229,0.851448444
18058,1,230,1.215155954
18058,1,231,1.740002156
18058,1,232,1.180255234
18058,1,233,1.111704367
18058,1,234,1.197119121
18058,1,235,0.925600959
18058,1,236,0.882420127
18058,1,237,1.223824526
18058,1,238,1.293355624
18058,1,239,0.406384807
18058,1,240,0.700728285
18058,1,241,0.835621712
18058,1,242,1.566619436
18058,1,243,1.047523006
18058,1,244,0.782485565
18058,1,245,1.747432582
18058,1,246,1.112271455
18058,1,247,0.844869095
18058,1,248,0.448530057
18058,1,249,1.277294544
18058,1,250,1.527424728
18058,1,251,0.487480763
18058,1,252,0.60270266
18058,1,253,1.806126297
18058,1,254,0.839718992
18058,1,255,1.471811541
18058,1,256,0.868968637
18058,1,257,1.437316476
18058,1,258,1.217242654
18058,1,259,1.087146304
18058,1,260,1.37434203
18058,1,261,0.780845794
18058,1,262,1.764739084
18058,1,263,1.112030723
18058,1,264,1.033202719
18058,1,265,0.515561266
18058,1,266,1.047199726
18058,1,267,1.819524777
18058,1,268,0.743047208
18058,1,269,0.676686638
18058,1,270,2.101709551
18058,1,271,0.938812196
18058,1,272,0.948945798
18058,1,273,1.039369659
18058,1,274,1.436026924
18058,1,275,1.339051638
18058,1,276,1.54875668
18058,1,277,0.628111904
18058,1,278,2.122433711
18058,1,279,1.036991546
18058,1,280,1.164426382
18058,1,281,0.770793396
18058,1,282,0.773383232
18058,1,283,0.480638798
18058,1,284,0.376619735
18058,1,285,0.773383232
18058,1,286,0.465629349
18058,1,287,1.046030103
18058,1,288,2.282371416
18058,1,289,0.453846969
18058,1,290,1.217101293
18058,1,291,1.156698162
18058,1,292,1.141104143
18058,1,293,0.853553936
18058,1,294,0.970763179
18058,1,295,1.293355624
18058,1,296,0.570949282
18058,1,297,1.318058242
18058,1,298,0.570949282
18058,1,299,0.996527128
18058,1,300,0.844869095
18058,1,301,2.028902685
18058,1,302,0.609021094
18058,1,303,1.296866405
18058,1,304,0.895424583
18058,1,305,1.534949546
18058,1,306,0.699297376
18058,1,307,0.773383232
18058,1,308,0.691511405
18058,1,309,0.802664933
18058,1,310,1.321270611
18058,1,311,1.213187554
18058,1,312,1.326434429
18058,1,313,1.048072769
18058,1,314,0.448530057
18058,1,315,1.82936404
18058,1,316,0.624942287
18058,1,317,1.531766764
18058,1,318,1.238237561
18058,1,319,1.230010126
18058,1,320,1.302833763
18058,1,321,0.641872343
18058,1,322,1.044520737
18058,1,323,1.587725888
18058,1,324,1.483805564
18058,1,325,0.820109105
18058,1,326,1.044520737
18058,1,327,1.152264317
18058,1,328,1.448294215
18058,1,329,0.381018599
18058,1,330,2.626788967
18058,1,331,1.642405432
18058,1,332,1.466754394
18058,1,333,0.650216557
18058,1,334,1.038111594
18058,1,335,2.016078235
18058,1,336,0.880799755
18058,1,337,1.054816771
18058,1,338,1.899088511
18058,1,339,1.592028193
18058,1,340,1.218969894
18058,1,341,0.385203778
18058,1,342,0.767001947
18058,1,343,0.457761398
18058,1,344,1.304598877
18058,1,345,1.897270774
18058,1,346,1.57862884
18058,1,347,0.667089219
18058,1,348,0.794182182
18058,1,349,0.75242925
18058,1,350,0.501007374
18058,1,351,0.405256786
18058,1,352,1.514278857
18058,1,353,1.036570716
18058,1,354,0.795807245
18058,1,355,0.684798305
18058,1,356,1.002471009
18058,1,357,1.109434232
18058,1,358,0.50203254
18058,1,359,0.71778223
18058,1,360,0.860628882
18058,1,361,0.988839867
18058,1,362,0.991773083
18058,1,363,1.100194611
18058,1,364,1.424193031
18058,1,365,0.940834799
18058,1,366,0.948388404
18058,1,367,0.84116648
18058,1,368,0.841284494
18058,1,369,0.787674187
18058,1,370,0.875579178
18058,1,371,0.686185293
18058,1,372,0.548448334
18058,1,373,0.996129035
18058,1,374,0.751981277
18058,1,375,1.029705446
18058,1,376,0.676888606
18058,1,377,0.618138114
18058,1,378,0.631100225
18058,1,379,0.612829791
18058,1,380,0.832144071
18058,1,381,0.607769102
18058,1,382,0.993175808
18058,1,383,1.603570544
18058,1,384,1.176740022
18058,1,385,0.853553936
18058,1,386,1.215155954
18058,1,387,1.450326319
18058,1,388,0.695559754
18058,1,389,1.244814783
18058,1,390,1.291821909
18058,1,391,1.557855974
18058,1,392,0.966907899
18058,1,393,1.038433434
18058,1,394,1.455994515
18058,1,395,0.942104756
18058,1,396,0.675995988
18058,1,397,0.920285311
18058,1,398,0.611148627
18058,1,399,1.29347753
18058,1,400,1.415751715
18058,1,401,1.993936137
18058,1,402,0.853553936
18058,1,403,0.920285311
18058,2,1,1.069731477
18058,2,2,1.158432132
18058,2,3,1.221329912
18058,2,4,1.628614886
18058,2,5,0.872644993
18058,2,6,0.758439673
18058,2,7,0.724859494
18058,2,8,0.504006186
18058,2,9,2.067820349
18058,2,10,0.614932654
18058,2,11,1.263267435
18058,2,12,1.272110432
18058,2,13,1.031107737
18058,2,14,0.780584585
18058,2,15,0.364459634
18058,2,16,0.861430749
18058,2,17,0.548861438
18058,2,18,0.285884294
18058,2,19,0.972800804
18058,2,20,0.875561975
18058,2,21,1.398603612
18058,2,22,0.636551874
18058,2,23,0.779316604
18058,2,24,1.090881552
18058,2,25,0.970760574
18058,2,26,0.924062563
18058,2,27,0.902383795
18058,2,28,0.61661302
18058,2,29,1.037911218
18058,2,30,0.55890456
18058,2,31,0.566999638
18058,2,32,0.923242629
18058,2,33,0.704706286
18058,2,34,0.472870715
18058,2,35,0.950546947
18058,2,36,0.691671433
18058,2,37,0.864652304
18058,2,38,0.631154733
18058,2,39,0.633094945
18058,2,40,0.78048298
18058,2,41,0.537829152
18058,2,42,1.046621838
18058,2,43,0.91191218
18058,2,44,1.69140399
18058,2,45,0.810097176
18058,2,46,1.264033557
18058,2,47,0.334646225
18058,2,48,1.631066604
18058,2,49,1.229164598
18058,2,50,0.700355551
18058,2,51,0.848180393
18058,2,52,0.293837596
18058,2,53,0.856924208
18058,2,54,1.202075403
18058,2,55,0.452277005
18058,2,56,0.720766807
18058,2,57,1.141341731
18058,2,58,0.411572948
18058,2,59,0.716830564
18058,2,60,0.546977629
18058,2,61,1.704071953
18058,2,62,0.917625312
18058,2,63,0.761777475
18058,2,64,0.574695767
18058,2,65,0.879627407
18058,2,66,1.087660847
18058,2,67,1.719463918
18058,2,68,0.755426555
18058,2,69,0.433682041
18058,2,70,0.621344465
18058,2,71,0.899020311
18058,2,72,0.982498034
18058,2,73,1.532721593
18058,2,74,1.705297425
18058,2,75,0.475952852
18058,2,76,0.576850333
18058,2,77,1.134436027
18058,2,78,1.645237499
18058,2,79,1.864584566
18058,2,80,1.262788217
18058,2,81,1.329763627
18058,2,82,1.206214823
18058,2,83,0.817841196
18058,2,84,0.791372492
18058,2,85,0.743244619
18058,2,86,0.855362807
18058,2,87,1.034103147
18058,2,88,0.812630963
18058,2,89,0.706505553
18058,2,90,0.680684461
18058,2,91,0.612646705
18058,2,92,0.76676767
18058,2,93,0.719508526
18058,2,94,0.788126277
18058,2,95,0.702010616
18058,2,96,0.631867713
18058,2,97,0.688675106
18058,2,98,1.290276764
18058,2,99,0.584683478
18058,2,100,0.480448805
18058,2,101,1.170435461
18058,2,102,0.437246208
18058,2,103,1.070436333
18058,2,104,1.19117308
18058,2,105,1.157161516
18058,2,106,0.338351923
18058,2,107,0.491113363
18058,2,108,0.632502933
18058,2,109,1.244375165
18058,2,110,1.050471606
18058,2,111,0.668187193
18058,2,112,1.881107719
18058,2,113,1.145943377
18058,2,114,0.58611403
18058,2,115,0.841717176
18058,2,116,1.189644141
18058,2,117,1.497187257
18058,2,118,0.806749434
18058,2,119,1.083721208
18058,2,120,1.894498407
18058,2,121,0.423162658
18058,2,122,1.770348598
18058,2,123,0.538862913
18058,2,124,0.691716076
18058,2,125,1.211229596
18058,2,126,0.669564354
18058,2,127,0.988976749
18058,2,128,1.852924418
18058,2,129,0.726437915
18058,2,130,0.771046982
18058,2,131,0.787898457
18058,2,132,0.983604956
18058,2,133,1.063385845
18058,2,134,0.593088798
18058,2,135,0.605595094
18058,2,136,1.537187107
18058,2,137,0.645442644
18058,2,138,0.658812558
18058,2,139,0.868690216
18058,2,140,0.647299374
18058,2,141,0.824304431
18058,2,142,0.537171781
18058,2,143,0.933398339
18058,2,144,1.115803489
18058,2,145,1.157161516
18058,2,146,1.358248399
18058,2,147,1.42235386
18058,2,148,0.815716707
18058,2,149,1.128375654
18058,2,150,0.806740532
18058,2,151,0.718997231
18058,2,152,0.763005755
18058,2,153,0.538328451
18058,2,154,1.472250508
18058,2,155,0.602317541
18058,2,156,1.145575774
18058,2,157,0.909969473
18058,2,158,0.768813517
18058,2,159,1.125673207
18058,2,160,0.758439673
18058,2,161,0.921152784
18058,2,162,1.469910401
18058,2,163,0.926260748
18058,2,164,0.839323049
18058,2,165,1.358248399
18058,2,166,1.688858378
18058,2,167,0.665377134
18058,2,168,1.389994586
18058,2,169,1.31136077
18058,2,170,0.795232298
18058,2,171,1.170283156
18058,2,172,1.262218514
18058,2,173,0.953602465
18058,2,174,0.842507552
18058,2,175,1.098603877
18058,2,176,0.859193538
18058,2,177,0.928866119
18058,2,178,0.934383492
18058,2,179,0.822477219
18058,2,180,1.375002546
18058,2,181,1.105993842
18058,2,182,0.940426872
18058,2,183,0.595804199
18058,2,184,1.088436562
18058,2,185,1.214817227
18058,2,186,2.055310858
18058,2,187,0.987132563
18058,2,188,0.904272656
18058,2,189,0.44164707
18058,2,190,0.31822512
18058,2,191,0.666443103
18058,2,192,1.060613479
18058,2,193,0.637092156
18058,2,194,0.684910001
18058,2,195,1.294141945
18058,2,196,1.374793538
18058,2,197,1.746069072
18058,2,198,0.536181013
18058,2,199,1.015127655
18058,2,200,1.684026774
18058,2,201,2.267369613
18058,2,202,0.691395982
18058,2,203,0.424515173
18058,2,204,0.782097442
18058,2,205,1.300982643
18058,2,206,0.822877753
18058,2,207,0.407619121
18058,2,208,0.511546535
18058,2,209,1.311626241
18058,2,210,1.242380251
18058,2,211,0.944694669
18058,2,212,1.182212206
18058,2,213,0.725121939
18058,2,214,1.917442549
18058,2,215,0.708984732
18058,2,216,0.885950014
18058,2,217,0.434799391
18058,2,218,0.70521197
18058,2,219,1.498259831
18058,2,220,0.892408239
18058,2,221,0.955347435
18058,2,222,1.008913166
18058,2,223,1.057530736
18058,2,224,0.343529891
18058,2,225,0.868690216
18058,2,226,0.956642574
18058,2,227,0.625098954
18058,2,228,1.230980395
18058,2,229,0.845661592
18058,2,230,1.082988284
18058,2,231,1.808045855
18390,0,1,1
18390,0,2,1
18390,0,3,1
18390,0,4,1
18390,0,5,1
18390,0,6,1
18390,0,7,1
18390,0,8,1
18390,0,9,1
18390,0,10,1
18390,0,11,1
18390,0,12,1
18390,0,13,1
18390,0,14,1
18390,0,15,1
18390,0,16,1
18390,0,17,1
18390,0,18,1
18390,0,19,1
18390,0,20,1
18390,0,21,1
18390,0,22,1
18390,0,23,1
18390,0,24,1
18390,0,25,1
18390,0,26,1
18390,0,27,1
18390,0,28,1
18390,0,29,1
18390,0,30,1
18390,0,31,1
18390,0,32,1
18390,0,33,1
18390,0,34,1
18390,0,35,1
18390,0,36,1
18390,0,37,1
18390,0,38,1
18390,0,39,1
18390,0,40,1
18390,0,41,1
18390,0,42,1
18390,0,43,1
18390,0,44,1
18390,0,45,1
18390,0,46,1
18390,0,47,1
18390,0,48,1
18390,0,49,1
18390,0,50,1
18390,0,51,1
18390,0,52,1
18390,0,53,1
18390,0,54,1
18390,0,55,1
18390,0,56,1
18390,0,57,1
18390,0,58,1
18390,0,59,1
18390,0,60,1
18390,0,61,1
18390,0,62,1
18390,0,63,1
18390,0,64,1
18390,0,65,1
18390,0,66,1
18390,0,67,1
18390,0,68,1
18390,0,69,1
18390,0,70,1
18390,0,71,1
18390,0,72,1
18390,0,73,1
18390,0,74,1
18390,0,75,1
18390,0,76,1
18390,0,77,1
18390,0,78,1
18390,0,79,1
18390,0,80,1
18390,0,81,1
18390,0,82,1
18390,0,83,1
18390,0,84,1
18390,0,85,1
18390,0,86,1
18390,0,87,1
18390,0,88,1
18390,0,89,1
18390,0,90,1
18390,0,91,1
18390,0,92,1
18390,0,93,1
18390,0,94,1
18390,0,95,1
18390,0,96,1
18390,0,97,1
18390,0,98,1
18390,0,99,1
18390,0,100,1
18390,0,101,1
18390,0,102,1
18390,0,103,1
18390,0,104,1
18390,0,105,1
18390,0,106,1
18390,0,107,1
18390,0,108,1
18390,0,109,1
18390,0,110,1
18390,0,111,1
18390,0,112,1
18390,0,113,1
18390,0,114,1
18390,0,115,1
18390,0,116,1
18390,0,117,1
18390,0,118,1
18390,0,119,1
18390,0,120,1
18390,0,121,1
18390,0,122,1
18390,0,123,1
18390,0,124,1
18390,0,125,1
18390,0,126,1
18390,0,127,1
18390,0,128,1
18390,0,129,1
18390,0,130,1
18390,0,131,1
18390,0,132,1
18390,0,133,1
18390,0,134,1
18390,0,135,1
18390,0,136,1
18390,0,137,1
18390,0,138,1
18390,0,139,1
18390,0,140,1
18390,0,141,1
18390,0,142,1
18390,0,143,1
18390,0,144,1
18390,0,145,1
18390,0,146,1
18390,0,147,1
18390,0,148,1
18390,0,149,1
18390,0,150,1
18390,0,151,1
18390,0,152,1
18390,0,153,1
18390,0,154,1
18390,0,155,1
18390,0,156,1
18390,0,157,1
18390,0,158,1
18390,0,159,1
18390,0,160,1
18390,0,161,1
18390,0,162,1
18390,0,163,1
18390,0,164,1
18390,0,165,1
18390,0,166,1
18390,0,167,1
18390,0,168,1
18390,0,169,1
18390,0,170,1
18390,0,171,1
18390,0,172,1
18390,0,173,1
18390,0,174,1
18390,0,175,1
18390,0,176,1
18390,0,177,1
18390,0,178,1
18390,0,179,1
18390,0,180,1
18390,0,181,1
18390,0,182,1
18390,0,183,1
18390,0,184,1
18390,0,185,1
18390,0,186,1
18390,0,187,1
18390,0,188,1
18390,0,189,1
18390,0,190,1
18390,0,191,1
18390,0,192,1
18390,0,193,1
18390,0,194,1
18390,0,195,1
18390,0,196,1
18390,0,197,1
18390,0,198,1
18390,0,199,1
18390,0,200,1
18390,0,201,1
18390,0,202,1
18390,0,203,1
18390,0,204,1
18390,0,205,1
18390,0,206,1
18390,0,207,1
18390,0,208,1
18390,0,209,1
18390,0,210,1
18390,0,211,1
18390,0,212,1
18390,0,213,1
18390,0,214,1
18390,0,215,1
18390,0,216,1
18390,0,217,1
18390,0,218,1
18390,0,219,1
18390,0,220,1
18390,0,221,1
18390,0,222,1
18390,0,223,1
18390,0,224,1
18390,0,225,1
18390,0,226,1
18390,0,227,1
18390,0,228,1
18390,0,229,1
18390,0,230,1
18390,0,231,1
18390,0,232,1
18390,0,233,1
18390,0,234,1
18390,0,235,1
18390,0,236,1
18390,0,237,1
18390,0,238,1
18390,0,239,1
18390,0,240,1
18390,0,241,1
18390,0,242,1
18390,0,243,1
18390,0,244,1
18390,0,245,1
18390,0,246,1
18390,0,247,1
18390,0,248,1
18390,0,249,1
18390,0,250,1
18390,0,251,1
18390,0,252,1
18390,0,253,1
18390,0,254,1
18390,0,255,1
18390,0,256,1
18390,0,257,1
18390,0,258,1
18390,0,259,1
18390,0,260,1
18390,0,261,1
18390,0,262,1
18390,0,263,1
18390,0,264,1
18390,0,265,1
18390,0,266,1
18390,0,267,1
18390,0,268,1
18390,0,269,1
18390,0,270,1
18390,0,271,1
18390,0,272,1
18390,0,273,1
18390,0,274,1
18390,0,275,1
18390,0,276,1
18390,0,277,1
18390,0,278,1
18390,0,279,1
18390,0,280,1
18390,0,281,1
18390,0,282,1
18390,0,283,1
18390,0,284,1
18390,0,285,1
18390,0,286,1
18390,0,287,1
18390,0,288,1
18390,0,289,1
18390,0,290,1
18390,0,291,1
18390,0,292,1
18390,0,293,1
18390,0,294,1
18390,0,295,1
18390,0,296,1
18390,0,297,1
18390,0,298,1
18390,0,299,1
18390,0,300,1
18390,0,301,1
18390,0,302,1
18390,0,303,1
18390,0,304,1
18390,0,305,1
18390,0,306,1
18390,0,307,1
18390,0,308,1
18390,0,309,1
18390,0,310,1
18390,0,311,1
18390,0,312,1
18390,0,313,1
18390,0,314,1
18390,0,315,1
18390,0,316,1
18390,0,317,1
18390,0,318,1
18390,0,319,1
18390,0,320,1
18390,0,321,1
18390,0,322,1
18390,0,323,1
18390,0,324,1
18390,0,325,1
18390,0,326,1
18390,0,327,1
18390,0,328,1
18390,0,329,1
18390,0,330,1
18390,0,331,1
18390,0,332,1
18390,0,333,1
18390,0,334,1
18390,0,335,1
18390,0,336,1
18390,0,337,1
18390,0,338,1
18390,0,339,1
18390,0,340,1
18390,0,341,1
18390,0,342,1
18390,0,343,1
18390,0,344,1
18390,0,345,1
18390,0,346,1
18390,0,347,1
18390,0,348,1
18390,0,349,1
18390,0,350,1
18390,0,351,1
18390,0,352,1
18390,0,353,1
18390,0,354,1
18390,0,355,1
18390,0,356,1
18390,0,357,1
18390,0,358,1
18390,0,359,1
18390,0,360,1
18390,0,361,1
18390,0,362,1
18390,0,363,1
18390,0,364,1
18390,0,365,1
18390,0,366,1
18390,0,367,1
18390,0,368,1
18390,0,369,1
18390,0,370,1
18390,0,371,1
18390,0,372,1
18390,0,373,1
18390,0,374,1
18390,0,375,1
18390,0,376,1
18390,0,377,1
18390,0,378,1
18390,0,379,1
18390,0,380,1
18390,0,381,1
18390,0,382,1
18390,0,383,1
18390,0,384,1
18390,0,385,1
18390,0,386,1
18390,0,387,1
18390,0,388,1
18390,0,389,1
18390,0,390,1
18390,0,391,1
18390,0,392,1
18390,0,393,1
18390,0,394,1
18390,0,395,1
18390,0,396,1
18390,0,397,1
18390,0,398,1
18390,0,399,1
18390,0,400,1
18390,1,1,1.200825993
18390,1,2,0.961660696
18390,1,3,0.592670787
18390,1,4,0.684753016
18390,1,5,2.790827272
18390,1,6,0.451606098
18390,1,7,0.846490798
18390,1,8,1.014391658
18390,1,9,0.59550559
18390,1,10,0.769533188
18390,1,11,1.345846625
18390,1,12,0.837707328
18390,1,13,0.44062934
18390,1,14,0.725960925
18390,1,15,0.836816608
18390,1,16,1.784352781
18390,1,17,0.550209377
18390,1,18,0.684753016
18390,1,19,0.367168754
18390,1,20,0.486837178
18390,1,21,0.425927484
18390,1,22,1.053661697
18390,1,23,0.635130535
18390,1,24,1.021138756
18390,1,25,1.358132863
18390,1,26,0.99521385
18390,1,27,0.729686757
18390,1,28,1.020675519
18390,1,29,1.142258334
18390,1,30,1.64660151
18390,1,31,1.044032467
18390,1,32,0.785849273
18390,1,33,0.560508349
18390,1,34,0.576372602
18390,1,35,0.62056011
18390,1,36,1.217493964
18390,1,37,2.112320535
18390,1,38,1.995012681
18390,1,39,1.743309306
18390,1,40,0.937965173
18390,1,41,0.924085954
18390,1,42,0.550209377
18390,1,43,1.324774025
18390,1,44,2.11509838
18390,1,45,0.943038249
18390,1,46,0.948862388
18390,1,47,0.877805626
18390,1,48,0.999030821
18390,1,49,1.52687252
18390,1,50,0.656157294
18390,1,51,0.446446312
18390,1,52,0.712770621
18390,1,53,0.731048658
18390,1,54,0.63948029
18390,1,55,0.725036752
18390,1,56,0.661928904
18390,1,57,1.752723543
18390,1,58,0.418224789
18390,1,59,1.51178592
18390,1,60,0.872866945
18390,1,61,0.857609718
18390,1,62,1.759762748
18390,1,63,0.672624746
18390,1,64,1.227845895
18390,1,65,1.01642291
18390,1,66,0.731851938
18390,1,67,0.986303173
18390,1,68,1.340616626
18390,1,69,0.864834492
18390,1,70,1.264799766
18390,1,71,0.898480485
18390,1,72,0.508025301
18390,1,73,0.661979668
18390,1,74,1.013168408
18390,1,75,1.492185597
18390,1,76,1.219735346
18390,1,77,0.947684439
18390,1,78,1.167108998
18390,1,79,1.386385944
18390,1,80,1.092914038
18390,1,81,0.650815159
18390,1,82,1.446216437
18390,1,83,0.775660728
18390,1,84,1.025009557
18390,1,85,1.864698682
18390,1,86,1.035310684
18390,1,87,0.776963747
18390,1,88,0.801126841
18390,1,89,0.622372097
18390,1,90,1.454628798
18390,1,91,1.042773473
18390,1,92,1.413160794
18390,1,93,1.232417169
18390,1,94,0.990504723
18390,1,95,1.149267903
18390,1,96,0.503006794
18390,1,97,0.839872375
18390,1,98,0.597814035
18390,1,99,0.759556182
18390,1,100,0.89078218
18390,1,101,0.975034253
18390,1,102,0.558293589
18390,1,103,1.115111675
18390,1,104,0.959768143
18390,1,105,1.567152317
18390,1,106,0.596866796
18390,1,107,0.66046312
18390,1,108,0.915480638
18390,1,109,0.439708549
18390,1,110,0.692309123
18390,1,111,0.370387196
18390,1,112,0.687658616
18390,1,113,0.426136661
18390,1,114,0.604358875
18390,1,115,0.930824136
18390,1,116,0.640233218
18390,1,117,0.862895146
18390,1,118,1.001258424
18390,1,119,1.358005762
18390,1,120,0.530470745
18390,1,121,0.80790727
18390,1,122,0.862895146
18390,1,123,0.38741989
18390,1,124,0.578177854
18390,1,125,0.511614874
18390,1,126,0.447992006
18390,1,127,0.720888147
18390,1,128,1.645576126
18390,1,129,0.703861621
18390,1,130,0.577774619
18390,1,131,1.093199603
18390,1,132,1.003911451
18390,1,133,0.888324173
18390,1,134,0.524410545
18390,1,135,0.614679163
18390,1,136,0.487274468
18390,1,137,0.761227041
18390,1,138,0.27445629
18390,1,139,0.656151393
18390,1,140,0.698276132
18390,1,141,0.406227644
18390,1,142,1.628286706
18390,1,143,1.248042961
18390,1,144,1.017269668
18390,1,145,1.444248314
18390,1,146,2.10288326
18390,1,147,0.515984535
18390,1,148,2.322314941
18390,1,149,0.743959846
18390,1,150,2.589204416
18390,1,151,0.615265833
18390,1,152,1.227795336
18390,1,153,0.878662897
18390,1,154,0.888881285
18390,1,155,1.005040737
18390,1,156,1.415055992
18390,1,157,0.789730434
18390,1,158,1.345846625
18390,1,159,0.585991161
18390,1,160,0.69579985
18390,1,161,1.25377537
18390,1,162,1.415521804
18390,1,163,0.851521362
18390,1,164,1.232164524
18390,1,165,0.887383823
18390,1,166,1.005040737
18390,1,167,1.028268485
18390,1,168,0.816848778
18390,1,169,1.195442718
18390,1,170,0.460076439
18390,1,171,0.769533188
18390,1,172,2.354495181
18390,1,173,0.34497873
18390,1,174,1.195459164
18390,1,175,1.279003527
18390,1,176,1.42655842
18390,1,177,0.313417753
18390,1,178,1.064124825
18390,1,179,0.559595392
18390,1,180,1.121758065
18390,1,181,0.839872375
18390,1,182,1.257894702
18390,1,183,0.822316283
18390,1,184,1.233842219
18390,1,185,1.392062829
18390,1,186,0.602871933
18390,1,187,1.437443036
18390,1,188,0.463586814
18390,1,189,1.084048432
18390,1,190,1.017269668
18390,1,191,0.595571822
18390,1,192,0.298280588
18390,1,193,0.765852383
18390,1,194,0.419524201
18390,1,195,0.476666738
18390,1,196,2.111706139
18390,1,197,0.506027437
18390,1,198,0.502302817
18390,1,199,1.29276744
18390,1,200,1.458079285
18390,1,201,0.775634277
18390,1,202,1.15257526
18390,1,203,1.388684066
18390,1,204,0.816025469
18390,1,205,0.837678456
18390,1,206,1.153219977
18390,1,207,2.11509838
18390,1,208,0.96798288
18390,1,209,0.503006794
18390,1,210,2.132175276
18390,1,211,0.66046312
18390,1,212,0.765852383
18390,1,213,0.47668432
18390,1,214,0.539324705
18390,1,215,1.421156456
18390,1,216,0.388813275
18390,1,217,1.026110193
18390,1,218,0.604358875
18390,1,219,1.486051292
18390,1,220,0.779656988
18390,1,221,0.622372097
18390,1,222,0.868865829
18390,1,223,0.531531183
18390,1,224,0.26966625
18390,1,225,1.055682484
18390,1,226,0.462476128
18390,1,227,0.877987523
18390,1,228,1.033301706
18390,1,229,0.691989168
18390,1,230,0.487382168
18390,1,231,1.020611612
18390,1,232,1.049186423
18390,1,233,0.877473588
18390,1,234,1.170169822
18390,1,235,0.806421273
18390,1,236,1.437443036
18390,1,237,1.123497331
18390,1,238,0.558293589
18390,1,239,0.324353665
18390,1,240,1.004081437
18390,1,241,0.609450184
18390,1,242,0.524230401
18390,1,243,0.667104751
18390,1,244,2.140038436
18390,1,245,0.783044887
18390,1,246,1.226438945
18390,1,247,1.123497331
18390,1,248,0.967017225
18390,1,249,0.385547114
18390,1,250,1.217493964
18390,1,251,0.933784721
18390,1,252,0.205847616
18390,1,253,0.752009426
18390,1,254,0.818519383
18390,1,255,1.794906102
18390,1,256,0.948862388
18390,1,257,0.763104555
18390,1,258,0.924085954
18390,1,259,1.794906102
18390,1,260,1.366889027
18390,1,261,0.996795878
18390,1,262,0.915480638
18390,1,263,0.996795878
18390,1,264,0.565464872
18390,1,265,1.254631675
18390,1,266,1.071654712
18390,1,267,1.232417169
18390,1,268,0.833945585
18390,1,269,1.200825993
18390,1,270,1.555399429
18390,1,271,1.401510745
18390,1,272,0.873752514
18390,1,273,1.446216437
18390,1,274,1.157359042
18390,1,275,0.893284422
18390,1,276,1.877310745
18390,1,277,1.734924288
18390,1,278,0.684753016
18390,1,279,1.341333371
18390,1,280,0.804499968
18390,1,281,1.415521804
18390,1,282,1.089550008
18390,1,283,0.779156138
18390,1,284,2.144792769
18390,1,285,0.775634277
18390,1,286,1.393732003
18390,1,287,1.315281667
18390,1,288,0.831289007
18390,1,289,0.58680134
18390,1,290,1.422544367
18390,1,291,1.172083623
18390,1,292,1.246403679
18390,1,293,1.73065638
18390,1,294,1.316771028
18390,1,295,0.996795878
18390,1,296,0.720079007
18390,1,297,0.881142256
18390,1,298,0.662435084
18390,1,299,1.818425356
18390,1,300,1.065593623
18390,1,301,1.045042377
18390,1,302,0.831289007
18390,1,303,0.533448398
18390,1,304,2.30634658
18390,1,305,0.518763921
18390,1,306,0.764333718
18390,1,307,1.025009557
18390,1,308,0.690007949
18390,1,309,0.816848778
18390,1,310,0.968789753
18390,1,311,0.878662897
18390,1,312,1.075605752
18390,1,313,1.175312676
18390,1,314,0.427420909
18390,1,315,1.165237327
18390,1,316,1.202561606
18390,1,317,0.4492996
18390,1,318,0.765852383
18390,1,319,1.628701801
18390,1,320,0.23080623
18390,1,321,1.108659548
18390,1,322,0.703861621
18390,1,323,0.837138658
18390,1,324,1.262775579
18390,1,325,1.157359042
18390,1,326,0.662445932
18390,1,327,1.666476762
18390,1,328,0.805481991
18390,1,329,0.681782191
18390,1,330,1.323829669
18390,1,331,0.613058811
18390,1,332,0.440858248
18390,1,333,1.764101037
18390,1,334,1.277518619
18390,1,335,0.713107062
18390,1,336,0.82434447
18390,1,337,1.307598314
18390,1,338,1.180219804
18390,1,339,0.7847257
18390,1,340,0.96558924
18390,1,341,0.846490798
18390,1,342,1.115010476
18390,1,343,0.705597647
18390,1,344,0.63233162
18390,1,345,1.65699912
18390,1,346,1.362676328
18390,1,347,1.392631609
18390,1,348,0.75339386
18390,1,349,1.3372308
18390,1,350,1.017269668
18390,1,351,0.846490798
18390,1,352,0.881142256
18390,1,353,0.423402805
18390,1,354,1.161526522
18390,1,355,0.862994189
18390,1,356,1.613900059
18390,1,357,1.848713628
18390,1,358,0.739415437
18390,1,359,1.365484363
18390,1,360,1.613900059
18390,1,361,1.415885111
18390,1,362,0.797645503
18390,1,363,1.818425356
18390,1,364,0.921531539
18390,1,365,1.125744658
18390,1,366,1.837338045
18390,1,367,1.124917337
18390,1,368,1.538545863
18390,1,369,0.877473588
18390,1,370,2.571956497
18390,1,371,1.613900059
18390,1,372,1.486051292
18390,1,373,0.764333718
18390,1,374,0.504274901
18390,1,375,1.219735346
18390,1,376,0.873562049
18390,1,377,0.564762166
18390,1,378,1.082493268
18390,1,379,0.675236535
18390,1,380,0.793059426
18390,1,381,1.07296284
18390,1,382,0.975820988
18390,1,383,1.004740263
18390,1,384,1.420618891
18390,1,385,0.764441479
18390,1,386,0.456472045
18390,1,387,1.331659286
18390,1,388,0.788183373
18390,1,389,0.841684208
18390,1,390,0.739426541
18390,1,391,1.23744684
18390,1,392,0.737172894
18390,1,393,1.145036077
18390,1,394,1.003911451
18390,1,395,1.113224233
18390,1,396,1.722804936
18390,1,397,1.102141079
18390,1,398,1.81501319
18390,1,399,0.531016571
18390,1,400,0.750484648
18390,2,1,1.214095021
18390,2,2,1.108336267
18390,2,3,0.851178775
18390,2,4,0.664048946
18390,2,5,2.429258917
18390,2,6,0.366308424
18390,2,7,0.997737315
18390,2,8,0.869686941
18390,2,9,0.54360229
18390,2,10,0.698288258
18390,2,11,1.238416277
18390,2,12,0.782902405
18390,2,13,0.583447875
18390,2,14,0.753495671
18390,2,15,0.865339644
18390,2,16,1.75395949
18390,2,17,0.532822238
18390,2,18,0.625256981
18390,2,19,0.428081958
18390,2,20,0.521044863
18390,2,21,0.248135593
18390,2,22,1.013668626
18390,2,23,0.621049123
18390,2,24,0.953746579
18390,2,25,1.329221508
18390,2,26,0.962902356
18390,2,27,0.441935284
18390,2,28,1.028243588
18390,2,29,1.238719597
18390,2,30,1.587958898
18390,2,31,1.287793454
18390,2,32,0.720904276
18390,2,33,0.450619005
18390,2,34,0.553048769
18390,2,35,0.613759954
18390,2,36,1.238589376
18390,2,37,2.319273011
18390,2,38,2.003113374
18390,2,39,1.993130856
18390,2,40,1.028636639
18390,2,41,0.814989577
18390,2,42,0.60810932
18390,2,43,1.110475208
18390,2,44,2.115612806
18390,2,45,0.884889633
18390,2,46,0.845269879
18390,2,47,0.897928877
18390,2,48,0.837826281
18390,2,49,1.639601926
18390,2,50,0.811822766
18390,2,51,0.456745686
18390,2,52,0.611838614
18390,2,53,0.513029788
18390,2,54,0.579768905
18390,2,55,0.660563094
18390,2,56,0.701400649
18390,2,57,1.402774105
18390,2,58,0.410899002
18390,2,59,1.436537702
18390,2,60,0.949100993
18390,2,61,0.740776687
18390,2,62,1.518825125
18390,2,63,0.653849132
18390,2,64,1.210366761
18390,2,65,1.010192658
18390,2,66,0.697902354
18390,2,67,0.865697325
18390,2,68,1.154138879
18390,2,69,0.859483613
18390,2,70,1.166650935
18390,2,71,0.73345725
18390,2,72,0.478895641
18390,2,73,0.668548666
18390,2,74,1.078208392
18390,2,75,1.68790146
18390,2,76,1.564716024
18390,2,77,0.908088442
18390,2,78,1.385697785
18390,2,79,1.622056941
18390,2,80,1.059298492
18390,2,81,0.674523725
18390,2,82,1.494637503
18390,2,83,0.740602429
18390,2,84,1.152005528
18390,2,85,2.027166709
18390,2,86,0.951867316
18390,2,87,0.735351223
18390,2,88,0.721100087
18390,2,89,0.591477093
18390,2,90,1.315547689
18390,2,91,1.262771654
18390,2,92,1.558283056
18390,2,93,1.371818455
18390,2,94,0.91576356
18390,2,95,1.264373286
18390,2,96,0.592957209
18390,2,97,0.577527633
18390,2,98,0.52876678
18390,2,99,0.694261533
18390,2,100,0.886945511
18390,2,101,1.013490129
18390,2,102,0.543293992
18390,2,103,1.264546919
18390,2,104,1.073864456
18390,2,105,1.835156477
18390,2,106,0.544918305
18390,2,107,0.749610427
18390,2,108,0.908883647
18390,2,109,0.399568819
18390,2,110,0.743949536
18390,2,111,0.35731839
18390,2,112,0.766195948
18390,2,113,0.28898805
18390,2,114,0.675710303
18390,2,115,0.805737917
18390,2,116,0.719047253
18390,2,117,0.961060171
18390,2,118,1.146081799
18390,2,119,1.437054366
18390,2,120,0.571069682
18390,2,121,0.732927832
18390,2,122,0.961060171
18390,2,123,0.403181318
18390,2,124,0.620382882
18390,2,125,0.618381004
18390,2,126,0.386742052
18390,2,127,0.701925125
18390,2,128,1.259778175
18390,2,129,0.640418433
18390,2,130,0.654733333
18390,2,131,0.633686172
18390,2,132,0.961917915
18390,2,133,0.797824396
18390,2,134,0.578265464
18390,2,135,0.726597292
18390,2,136,0.529664221
18390,2,137,0.835579104
18390,2,138,0.20009731
18390,2,139,0.672957074
18390,2,140,0.639382601
18390,2,141,0.446262902
18390,2,142,1.40745815
18390,2,143,1.203845641
18390,2,144,0.840622522
18390,2,145,1.497737194
18390,2,146,2.214542227
18390,2,147,0.721026155
18390,2,148,2.637756282
18390,2,149,0.682720883
18390,2,150,2.867676445
18390,2,151,0.60105979
18390,2,152,1.360542214
18390,2,153,0.763424967
18390,2,154,0.949611322
18390,2,155,0.954477089
18390,2,156,1.45969968
18390,2,157,0.906133854
18390,2,158,1.392162608
18390,2,159,0.524457993
18390,2,160,0.688651192
18390,2,161,1.534101406
18390,2,162,1.405256037
18390,2,163,0.84143857
18390,2,164,1.280359371
18390,2,165,0.819807386
18390,2,166,0.869956424
18390,2,167,0.93330744
18390,2,168,0.698548324
18390,2,169,1.3691627
18390,2,170,0.544914873
18390,2,171,0.762860335
18390,2,172,1.376728474
18390,2,173,0.4351714
18390,2,174,1.691119514
18390,2,175,1.473028758
18390,2,176,1.56298173
18390,2,177,0.197331341
18390,2,178,1.167487562
18390,2,179,0.697960023
18390,2,180,1.16178394
18390,2,181,1.014805642
18390,2,182,1.506823626
18390,2,183,0.826157485
18390,2,184,1.148244602
18390,2,185,1.416050306
18390,2,186,0.607286445
18390,2,187,1.351113757
18390,2,188,0.439172754
18390,2,189,0.877028781
18390,2,190,1.000048354
18390,2,191,0.686068403
18390,2,192,0.233281299
18390,2,193,0.855237227
18390,2,194,0.338856519
18390,2,195,0.289728451
18390,2,196,2.096197228
18390,2,197,0.394468307
18390,2,198,0.393077822
18390,2,199,1.598445121
18390,2,200,1.540628447
18390,2,201,0.831407236
18390,2,202,1.23317252
18390,2,203,1.905007443
18390,2,204,1.068899273
18390,2,205,0.800253316
18390,2,206,0.749660032
18390,2,207,2.244289879
18390,2,208,1.117767828
18390,2,209,0.525253605
18390,2,210,2.532681035
18390,2,211,0.725599086
18390,2,212,0.855261696
18390,2,213,0.591024545
18390,2,214,0.470091366
18390,2,215,1.474223854
18390,2,216,0.325187995
18390,2,217,0.850877404
18390,2,218,0.539485677
18390,2,219,1.491504873
18390,2,220,0.886426462
18390,2,221,0.591494016
18390,2,222,1.084983702
18390,2,223,0.371300738
18390,2,224,0.330911246
18390,2,225,1.387785736
18390,2,226,0.604179993
18390,2,227,0.714267896
18390,2,228,0.948127224
18390,2,229,0.636180983
18390,2,230,0.531579717
18390,2,231,0.923322897
18390,2,232,1.044979909
18390,2,233,0.760090385
18390,2,234,0.925587143
18390,2,235,0.731993971
18390,2,236,1.351113757
18390,2,237,1.115765681
18390,2,238,0.59607775
18390,2,239,0.194977927
18390,2,240,1.046412622
18390,2,241,0.605742664
18390,2,242,0.603189901
18390,2,243,0.623763573
18390,2,244,1.675028516
18390,2,245,0.901174751
18390,2,246,1.205189727
18390,2,247,1.059318018
18390,2,248,0.91028205
18390,2,249,0.42695167
18390,2,250,1.238589376
18390,2,251,0.980913499
18390,2,252,0.189201836
18390,2,253,0.95996367
18390,2,254,0.968448787
18390,2,255,1.838588178
18390,2,256,0.944664096
18390,2,257,0.742269262
18390,2,258,0.890378725
18390,2,259,1.682913302
18390,2,260,1.228651132
18390,2,261,1.038926739
18390,2,262,0.805107695
18390,2,263,0.998038647
18390,2,264,0.727240703
18390,2,265,1.46889803
18390,2,266,1.045453412
18390,2,267,1.112325861
18390,2,268,0.871661213
18390,2,269,1.254271546
18390,2,270,1.311560923
18390,2,271,1.751725977
18390,2,272,1.149915825
18390,2,273,1.494637503
18390,2,274,1.024979604
18390,2,275,0.885547231
18390,2,276,1.740493214
18390,2,277,1.978298436
18390,2,278,0.664029947
18390,2,279,1.203333742
18390,2,280,0.783988604
18390,2,281,1.689804839
18390,2,282,1.081742242
18390,2,283,0.985905754
18390,2,284,2.502004537
18390,2,285,0.761011255
18390,2,286,1.317724067
18390,2,287,1.170485155
18390,2,288,0.668175956
18390,2,289,0.533213609
18390,2,290,1.581295292
18390,2,291,1.243337805
18390,2,292,1.15736678
18390,2,293,1.859356126
18390,2,294,0.890612276
18390,2,295,0.998010093
18390,2,296,0.781447374
18390,2,297,0.722009489
18390,2,298,0.781288213
18390,2,299,1.887513342
18390,2,300,1.119765184
18390,2,301,1.038779724
18390,2,302,0.75428024
18390,2,303,0.43082124
18390,2,304,2.228563152
18390,2,305,0.675280327
18390,2,306,0.757246307
18390,2,307,1.020440827
18390,2,308,0.798211069
18390,2,309,0.746184938
18390,2,310,0.986955398
18390,2,311,1.087259895
18390,2,312,0.934914262
18390,2,313,1.382371428
18390,2,314,0.387499916
18390,2,315,1.14766237
18390,2,316,1.087759866
18390,2,317,0.249160498
18390,2,318,0.855261696
18390,2,319,1.540991501
18390,2,320,0.159662605
18390,2,321,1.47118327
18390,2,322,0.699659191
18390,2,323,0.792763008
18390,2,324,1.231921333
18390,2,325,1.121253665
18390,2,326,0.633709776
18390,2,327,1.343874066
18390,2,328,0.987634131
18390,2,329,0.509656679
18390,2,330,1.219826528
18390,2,331,0.384897538
18390,2,332,0.371951078
18390,2,333,1.760086612
18390,2,334,1.351088949
18390,2,335,0.768813321
18390,2,336,0.981928395
18390,2,337,1.393660751
18390,2,338,1.135476869
18390,2,339,0.967279973
18390,2,340,0.978488256
18390,2,341,0.761039612
18390,2,342,1.042275285
18390,2,343,0.621509862
18390,2,344,0.69525115
18390,2,345,1.676604253
18390,2,346,1.37621172
18390,2,347,1.507869
18390,2,348,0.705053474
18390,2,349,1.03970852
18390,2,350,0.948976228
18390,2,351,0.696601719
18390,2,352,0.771223942
18390,2,353,0.510707229
18390,2,354,1.250554229
18390,2,355,0.575273446
18390,2,356,1.614300447
18390,2,357,1.882599315
18390,2,358,0.786837663
18390,2,359,1.202302358
18390,2,360,2.052315663
18390,2,361,1.539007768
18390,2,362,0.824558096
18390,2,363,1.686001691
18390,2,364,0.855957922
18390,2,365,1.148143468
18390,2,366,1.763805537
18390,2,367,1.154083745
18390,2,368,1.489487921
18390,2,369,0.74914302
18390,2,370,2.47464527
18390,2,371,0.941443645
18390,2,372,1.491504873
18390,2,373,0.709855957
18390,2,374,0.346956633
18390,2,375,1.059548479
18390,2,376,0.958664543
18390,2,377,0.494962851
18390,2,378,1.418987338
18390,2,379,0.830607173
18390,2,380,0.94842129
18390,2,381,1.150447692
18390,2,382,0.983594867
18390,2,383,0.971125354
18390,2,384,1.567351986
18390,2,385,0.970561354
18390,2,386,0.475610383
18390,2,387,1.22955698
18390,2,388,0.590150567
18390,2,389,0.737277287
18390,2,390,0.43038861
18390,2,391,1.243286119
18390,2,392,0.976133944
18390,2,393,1.141566566
18390,2,394,0.852062155
18390,2,395,1.132383416
18390,2,396,1.754490569
18390,2,397,1.103632623
18390,2,398,1.858974677
18390,2,399,0.51176318
18390,2,400,0.724855765
18390,3,1,1.217847652
18390,3,2,0.96212108
18390,3,3,0.668565409
18390,3,4,0.703236444
18390,3,5,2.437431914
18390,3,6,0.297981473
18390,3,7,1.600259659
18390,3,8,0.993547873
18390,3,9,0.67174932
18390,3,10,0.511032308
18390,3,11,1.070846348
18390,3,12,0.988520993
18390,3,13,0.513348536
18390,3,14,0.779964563
18390,3,15,0.867895368
18390,3,16,1.64439402
18390,3,17,0.47785019
18390,3,18,0.642007625
18390,3,19,0.437263239
18390,3,20,0.588600177
18390,3,21,0.23737181
18390,3,22,0.935880629
18390,3,23,0.612941521
18390,3,24,0.815030537
18390,3,25,1.180558424
18390,3,26,1.091272346
18390,3,27,0.477900635
18390,3,28,1.009179422
18390,3,29,1.683646853
18390,3,30,2.105241408
18390,3,31,1.070581715
18390,3,32,0.613416182
18390,3,33,0.358392553
18390,3,34,0.580585171
18390,3,35,0.296753959
18390,3,36,1.040642859
18390,3,37,2.292900841
18390,3,38,2.167735508
18390,3,39,2.947013712
18390,3,40,1.142604742
18390,3,41,0.592894534
18390,3,42,0.47844756
18390,3,43,0.835049936
18390,3,44,1.323494717
18390,3,45,0.877302101
18390,3,46,0.796534449
18390,3,47,0.7317845
18390,3,48,0.834182886
18390,3,49,2.220106324
18390,3,50,0.88430274
18390,3,51,0.256684519
18390,3,52,0.513411563
18390,3,53,0.893758896
18390,3,54,0.987130436
18390,3,55,0.739884003
18390,3,56,0.846934483
18390,3,57,1.421004759
18390,3,58,0.237175673
18390,3,59,1.534500071
18390,3,60,0.886937724
18390,3,61,0.739491642
18390,3,62,1.115946784
18390,3,63,0.610485235
18390,3,64,1.650278569
18390,3,65,1.139731705
18390,3,66,0.534667433
18390,3,67,0.581327217
18390,3,68,1.251473872
18390,3,69,1.027210996
18390,3,70,1.014864402
18390,3,71,0.626420669
18390,3,72,0.515591701
18390,3,73,0.711550171
18390,3,74,1.466615315
18390,3,75,0.88446141
18390,3,76,1.80160994
18390,3,77,0.819610584
18390,3,78,1.174862854
18390,3,79,1.367173134
18390,3,80,1.297874114
18390,3,81,0.687513913
18390,3,82,1.411932822
18390,3,83,1.073206344
18390,3,84,1.388967905
18390,3,85,2.372055869
18390,3,86,0.782264666
18390,3,87,1.441634237
18390,3,88,0.545250356
18390,3,89,0.610106241
18390,3,90,1.369837551
18390,3,91,0.793086223
18390,3,92,1.47622889
18390,3,93,1.294180262
18390,3,94,1.707871449
18390,3,95,1.176283186
18390,3,96,0.574514005
18390,3,97,1.261084597
18390,3,98,0.800584269
18390,3,99,0.77783021
18390,3,100,0.922260364
18390,3,101,1.698325629
18390,3,102,0.582290595
18390,3,103,1.113458834
18390,3,104,1.629750838
18390,3,105,1.941118196
18390,3,106,0.847564876
18390,3,107,0.673281984
18390,3,108,1.045506071
18390,3,109,0.154019185
18390,3,110,1.115643691
18390,3,111,0.319065357
18390,3,112,0.673144398
18390,3,113,0.459234817
18390,3,114,0.519363815
18390,3,115,0.693297727
18390,3,116,0.882560313
18390,3,117,0.864560425
18390,3,118,0.996080527
18390,3,119,2.064634166
18390,3,120,0.394387051
18390,3,121,0.536994494
18390,3,122,0.864560425
18390,3,123,0.260148341
18390,3,124,1.009803983
18390,3,125,0.348643165
18390,3,126,0.493285077
18390,3,127,0.63620455
18390,3,128,1.126130876
18390,3,129,0.715022258
18390,3,130,0.326107736
18390,3,131,0.415314996
18390,3,132,1.016274918
18390,3,133,0.92444597
18390,3,134,0.384436727
18390,3,135,0.800502179
18390,3,136,0.40049918
18390,3,137,0.741174257
18390,3,138,0.129316942
18390,3,139,0.632269112
18390,3,140,0.612241843
18390,3,141,0.538323478
18390,3,142,1.328514923
18390,3,143,1.366944812
18390,3,144,0.676042493
18390,3,145,1.63022943
18390,3,146,2.274440237
18390,3,147,0.684030321
18390,3,148,2.609370135
18390,3,149,0.314352576
18390,3,150,3.642354785
18390,3,151,0.598209085
18390,3,152,0.897081299
18390,3,153,1.087150716
18390,3,154,1.000958728
18390,3,155,1.022034384
18390,3,156,1.916873506
18390,3,157,1.270344459
18390,3,158,1.291377868
18390,3,159,0.632960761
18390,3,160,0.962060039
18390,3,161,1.366818249
18390,3,162,1.565503635
18390,3,163,1.151494684
18390,3,164,0.777349431
18390,3,165,0.631887523
18390,3,166,0.864164483
18390,3,167,0.834368709
18390,3,168,0.254485068
18390,3,169,1.702457134
18390,3,170,0.388496762
18390,3,171,0.655516815
18390,3,172,1.211868457
18390,3,173,0.536685501
18390,3,174,1.573847059
18390,3,175,1.101277203
18390,3,176,1.022493259
18390,3,177,0.198594482
18390,3,178,1.242730279
18390,3,179,0.439922879
18390,3,180,0.540123442
18390,3,181,1.266319507
18390,3,182,2.319553636
18390,3,183,0.745092193
18390,3,184,1.307855924
18390,3,185,2.056484004
18390,3,186,0.524514388
18390,3,187,1.16987295
18390,3,188,0.426094246
18390,3,189,1.028002702
18390,3,190,0.783504849
18390,3,191,0.951026481
18390,3,192,0.327905208
18390,3,193,0.79808356
18390,3,194,0.336341549
18390,3,195,0.234376675
18390,3,196,2.262340477
18390,3,197,0.370799059
18390,3,198,0.210882912
18390,3,199,1.298818381
18390,3,200,1.432179153
18390,3,201,0.725350311
18390,3,202,1.125085076
18390,3,203,2.19316271
18390,3,204,1.164084686
18390,3,205,1.249032989
18390,3,206,1.018875831
18390,3,207,1.585838201
18390,3,208,1.138634848
18390,3,209,0.408777949
18390,3,210,2.437320076
18390,3,211,0.638698679
18390,3,212,0.779186516
18390,3,213,0.544313281
18390,3,214,0.357515958
18390,3,215,1.247529188
18390,3,216,0.282488806
18390,3,217,0.95253139
18390,3,218,0.447397768
18390,3,219,1.61178821
18390,3,220,0.979949442
18390,3,221,0.595660129
18390,3,222,1.040805574
18390,3,223,0.420895603
18390,3,224,0.401592303
18390,3,225,1.646683057
18390,3,226,0.490992537
18390,3,227,0.514564377
18390,3,228,0.883563747
18390,3,229,0.660633415
18390,3,230,0.472256501
18390,3,231,0.922472931
18390,3,232,1.131439004
18390,3,233,0.601915236
18390,3,234,0.797615719
18390,3,235,0.554169581
18390,3,236,1.16987295
18390,3,237,0.861027539
18390,3,238,0.68866636
18390,3,239,0.089942837
18390,3,240,1.083171023
18390,3,241,0.437493821
18390,3,242,0.721267979
18390,3,243,0.616124919
18390,3,244,1.899328749
18390,3,245,1.229250768
18390,3,246,1.228080914
18390,3,247,0.751896279
18390,3,248,0.748295245
18390,3,249,0.474159029
18390,3,250,1.040642859
18390,3,251,0.705885418
18390,3,252,0.159218176
18390,3,253,0.581320259
18390,3,254,0.9814299
18390,3,255,1.994890661
18390,3,256,0.823521029
18390,3,257,0.64753563
18390,3,258,0.742516296
18390,3,259,1.592907491
18390,3,260,1.40646497
18390,3,261,1.133986998
18390,3,262,0.743898013
18390,3,263,1.105349738
18390,3,264,0.812275864
18390,3,265,1.675139781
18390,3,266,1.022330544
18390,3,267,0.717870544
18390,3,268,0.790587889
18390,3,269,1.283789852
18390,3,270,1.064046204
18390,3,271,1.751718163
18390,3,272,1.236425509
18390,3,273,1.411932822
18390,3,274,1.072285506
18390,3,275,0.797051379
18390,3,276,2.049042472
18390,3,277,3.136748846
18390,3,278,0.720291525
18390,3,279,1.184111204
18390,3,280,0.617092043
18390,3,281,1.616453071
18390,3,282,0.963047128
18390,3,283,1.33892435
18390,3,284,2.200638482
18390,3,285,0.579187605
18390,3,286,1.738962037
18390,3,287,1.375367888
18390,3,288,0.446937186
18390,3,289,0.571295099
18390,3,290,0.951656014
18390,3,291,1.315773779
18390,3,292,0.636774286
18390,3,293,1.678051608
18390,3,294,0.722343753
18390,3,295,1.132156981
18390,3,296,1.087024088
18390,3,297,1.061869523
18390,3,298,0.733297328
18390,3,299,1.468469083
18390,3,300,0.857847011
18390,3,301,0.635073398
18390,3,302,0.643378563
18390,3,303,0.362822207
18390,3,304,2.506074675
18390,3,305,0.930259964
18390,3,306,0.734255006
18390,3,307,1.012245807
18390,3,308,0.89072098
18390,3,309,1.278454227
18390,3,310,1.202268699
18390,3,311,0.80358641
18390,3,312,0.744457563
18390,3,313,1.737482019
18390,3,314,0.378343338
18390,3,315,0.494137276
18390,3,316,0.775049346
18390,3,317,0.212565389
18390,3,318,0.779186516
18390,3,319,1.863194822
18390,3,320,0.142977855
18390,3,321,1.513174977
18390,3,322,0.895463945
18390,3,323,0.710569579
18390,3,324,1.335532141
18390,3,325,1.123978454
18390,3,326,0.462435905
18390,3,327,1.177181079
18390,3,328,1.479756663
18390,3,329,0.233546566
18390,3,330,1.114668078
18390,3,331,0.134430909
18390,3,332,0.61448782
18390,3,333,1.83665501
18390,3,334,1.557691181
18390,3,335,0.736784019
18390,3,336,0.903647144
18390,3,337,1.533976275
18390,3,338,1.077371388
18390,3,339,0.764451507
18390,3,340,1.188838846
18390,3,341,0.587172893
18390,3,342,0.763678452
18390,3,343,0.801305979
18390,3,344,0.570413265
18390,3,345,1.836804165
18390,3,346,1.164089964
18390,3,347,0.932477776
18390,3,348,0.82861182
18390,3,349,0.950424254
18390,3,350,0.950139022
18390,3,351,0.468853817
18390,3,352,0.324791296
18390,3,353,0.548155116
18390,3,354,1.283023968
18390,3,355,0.315541637
18390,3,356,1.68165041
18390,3,357,2.281475399
18390,3,358,0.798899385
18390,3,359,0.721266504
18390,3,360,1.984703333
18390,3,361,2.008338126
18390,3,362,0.980147478
18390,3,363,1.705088334
18390,3,364,0.99475762
18390,3,365,1.317719128
18390,3,366,1.130304757
18390,3,367,1.245967956
18390,3,368,1.101280578
18390,3,369,0.610476828
18390,3,370,2.566281315
18390,3,371,0.827341425
18390,3,372,1.61178821
18390,3,373,0.995205989
18390,3,374,0.192247311
18390,3,375,1.12795063
18390,3,376,1.06516694
18390,3,377,0.370991634
18390,3,378,2.162565956
18390,3,379,0.472622375
18390,3,380,1.000181389
18390,3,381,1.123087511
18390,3,382,1.306332423
18390,3,383,0.674365622
18390,3,384,1.744712721
18390,3,385,1.38273713
18390,3,386,0.494439064
18390,3,387,1.337710619
18390,3,388,0.412766379
18390,3,389,0.779856134
18390,3,390,0.288661655
18390,3,391,1.222102098
18390,3,392,1.033615362
18390,3,393,1.139163661
18390,3,394,0.740636282
18390,3,395,1.240215203
18390,3,396,1.691670775
18390,3,397,1.041468864
18390,3,398,1.693201157
18390,3,399,0.555560995
18390,3,400,0.678803966
18390,4,1,1.217847652
18390,4,2,0.96212108
18390,4,3,0.668565409
18390,4,4,0.703236444
18390,4,5,2.437431914
18390,4,6,0.297981473
18390,4,7,1.600259659
18390,4,8,0.993547873
18390,4,9,0.67174932
18390,4,10,0.511032308
18390,4,11,1.070846348
18390,4,12,0.988520993
18390,4,13,0.513348536
18390,4,14,0.779964563
18390,4,15,0.867895368
18390,4,16,1.64439402
18390,4,17,0.47785019
18390,4,18,0.642007625
18390,4,19,0.437263239
18390,4,20,0.588600177
18390,4,21,0.23737181
18390,4,22,0.935880629
18390,4,23,0.612941521
18390,4,24,0.815030537
18390,4,25,1.180558424
18390,4,26,1.091272346
18390,4,27,0.477900635
18390,4,28,1.009179422
18390,4,29,1.683646853
18390,4,30,2.105241408
18390,4,31,1.070581715
18390,4,32,0.613416182
18390,4,33,0.358392553
18390,4,34,0.580585171
18390,4,35,0.296753959
18390,4,36,1.040642859
18390,4,37,2.292900841
18390,4,38,2.167735508
18390,4,39,2.947013712
18390,4,40,1.142604742
18390,4,41,0.592894534
18390,4,42,0.47844756
18390,4,43,0.835049936
18390,4,44,1.323494717
18390,4,45,0.877302101
18390,4,46,0.796534449
18390,4,47,0.7317845
18390,4,48,0.834182886
18390,4,49,2.220106324
18390,4,50,0.88430274
18390,4,51,0.256684519
18390,4,52,0.513411563
18390,4,53,0.893758896
18390,4,54,0.987130436
18390,4,55,0.739884003
18390,4,56,0.846934483
18390,4,57,1.421004759
18390,4,58,0.237175673
18390,4,59,1.534500071
18390,4,60,0.886937724
18390,4,61,0.739491642
18390,4,62,1.115946784
18390,4,63,0.610485235
18390,4,64,1.650278569
18390,4,65,1.139731705
18390,4,66,0.534667433
18390,4,67,0.581327217
18390,4,68,1.251473872
18390,4,69,1.027210996
18390,4,70,1.014864402
18390,4,71,0.626420669
18390,4,72,0.515591701
18390,4,73,0.711550171
18390,4,74,1.466615315
18390,4,75,0.88446141
18390,4,76,1.80160994
18390,4,77,0.819610584
18390,4,78,1.174862854
18390,4,79,1.367173134
18390,4,80,1.297874114
18390,4,81,0.687513913
18390,4,82,1.411932822
18390,4,83,1.073206344
18390,4,84,1.388967905
18390,4,85,2.372055869
18390,4,86,0.782264666
18390,4,87,1.441634237
18390,4,88,0.545250356
18390,4,89,0.610106241
18390,4,90,1.369837551
18390,4,91,0.793086223
18390,4,92,1.47622889
18390,4,93,1.294180262
18390,4,94,1.707871449
18390,4,95,1.176283186
18390,4,96,0.574514005
18390,4,97,1.261084597
18390,4,98,0.800584269
18390,4,99,0.77783021
18390,4,100,0.922260364
18390,4,101,1.698325629
18390,4,102,0.582290595
18390,4,103,1.113458834
18390,4,104,1.629750838
18390,4,105,1.941118196
18390,4,106,0.847564876
18390,4,107,0.673281984
18390,4,108,1.045506071
18390,4,109,0.154019185
18390,4,110,1.115643691
18390,4,111,0.319065357
18390,4,112,0.673144398
18390,4,113,0.459234817
18390,4,114,0.519363815
18390,4,115,0.693297727
18390,4,116,0.882560313
18390,4,117,0.864560425
18390,4,118,0.996080527
18390,4,119,2.064634166
18390,4,120,0.394387051
18390,4,121,0.536994494
18390,4,122,0.864560425
18390,4,123,0.260148341
18390,4,124,1.009803983
18390,4,125,0.348643165
18390,4,126,0.493285077
18390,4,127,0.63620455
18390,4,128,1.126130876
18390,4,129,0.715022258
18390,4,130,0.326107736
18390,4,131,0.415314996
18390,4,132,1.016274918
18390,4,133,0.92444597
18390,4,134,0.384436727
18390,4,135,0.800502179
18390,4,136,0.40049918
18390,4,137,0.741174257
18390,4,138,0.129316942
18390,4,139,0.632269112
18390,4,140,0.612241843
18390,4,141,0.538323478
18390,4,142,1.328514923
18390,4,143,1.366944812
18390,4,144,0.676042493
18390,4,145,1.63022943
18390,4,146,2.274440237
18390,4,147,0.684030321
18390,4,148,2.609370135
18390,4,149,0.314352576
18390,4,150,3.642354785
18390,4,151,0.598209085
18390,4,152,0.897081299
18390,4,153,1.087150716
18390,4,154,1.000958728
18390,4,155,1.022034384
18390,4,156,1.916873506
18390,4,157,1.270344459
18390,4,158,1.291377868
18390,4,159,0.632960761
18390,4,160,0.962060039
18390,4,161,1.366818249
18390,4,162,1.565503635
18390,4,163,1.151494684
18390,4,164,0.777349431
18390,4,165,0.631887523
18390,4,166,0.864164483
18390,4,167,0.834368709
18390,4,168,0.254485068
18390,4,169,1.702457134
18390,4,170,0.388496762
18390,4,171,0.655516815
18390,4,172,1.211868457
18390,4,173,0.536685501
18390,4,174,1.573847059
18390,4,175,1.101277203
18390,4,176,1.022493259
18390,4,177,0.198594482
18390,4,178,1.242730279
18390,4,179,0.439922879
18390,4,180,0.540123442
18390,4,181,1.266319507
18390,4,182,2.319553636
18390,4,183,0.745092193
18390,4,184,1.307855924
18390,4,185,2.056484004
18390,4,186,0.524514388
18390,4,187,1.16987295
18390,4,188,0.426094246
18390,4,189,1.028002702
18390,4,190,0.783504849
18390,4,191,0.951026481
18390,4,192,0.327905208
18390,4,193,0.79808356
18390,4,194,0.336341549
18390,4,195,0.234376675
18390,4,196,2.262340477
18390,4,197,0.370799059
18390,4,198,0.210882912
18390,4,199,1.298818381
18390,4,200,1.432179153
18390,4,201,0.725350311
18390,4,202,1.125085076
18390,4,203,2.19316271
18390,4,204,1.164084686
18390,4,205,1.249032989
18390,4,206,1.018875831
18390,4,207,1.585838201
18390,4,208,1.138634848
18390,4,209,0.408777949
18390,4,210,2.437320076
18390,4,211,0.638698679
18390,4,212,0.779186516
18390,4,213,0.544313281
18390,4,214,0.357515958
18390,4,215,1.247529188
18390,4,216,0.282488806
18390,4,217,0.95253139
18390,4,218,0.447397768
18390,4,219,1.61178821
18390,4,220,0.979949442
18390,4,221,0.595660129
18390,4,222,1.040805574
18390,4,223,0.420895603
18390,4,224,0.401592303
18390,4,225,1.646683057
18390,4,226,0.490992537
18390,4,227,0.514564377
18390,4,228,0.883563747
18390,4,229,0.660633415
18390,4,230,0.472256501
18390,4,231,0.922472931
18390,4,232,1.131439004
18390,4,233,0.601915236
18390,4,234,0.797615719
18390,4,235,0.554169581
18390,4,236,1.16987295
18390,4,237,0.861027539
18390,4,238,0.68866636
18390,4,239,0.089942837
18390,4,240,1.083171023
18390,4,241,0.437493821
18390,4,242,0.721267979
18390,4,243,0.616124919
18390,4,244,1.899328749
18390,4,245,1.229250768
18390,4,246,1.228080914
18390,4,247,0.751896279
18390,4,248,0.748295245
18390,4,249,0.474159029
18390,4,250,1.040642859
18390,4,251,0.705885418
18390,4,252,0.159218176
18390,4,253,0.581320259
18390,4,254,0.9814299
18390,4,255,1.994890661
18390,4,256,0.823521029
18390,4,257,0.64753563
18390,4,258,0.742516296
18390,4,259,1.592907491
18390,4,260,1.40646497
18390,4,261,1.133986998
18390,4,262,0.743898013
18390,4,263,1.105349738
18390,4,264,0.812275864
18390,4,265,1.675139781
18390,4,266,1.022330544
18390,4,267,0.717870544
18390,4,268,0.790587889
18390,4,269,1.283789852
18390,4,270,1.064046204
18390,4,271,1.751718163
18390,4,272,1.236425509
18390,4,273,1.411932822
18390,4,274,1.072285506
18390,4,275,0.797051379
18390,4,276,2.049042472
18390,4,277,3.136748846
18390,4,278,0.720291525
18390,4,279,1.184111204
18390,4,280,0.617092043
18390,4,281,1.616453071
18390,4,282,0.963047128
18390,4,283,1.33892435
18390,4,284,2.200638482
18390,4,285,0.579187605
18390,4,286,1.738962037
18390,4,287,1.375367888
18390,4,288,0.446937186
18390,4,289,0.571295099
18390,4,290,0.951656014
18390,4,291,1.315773779
18390,4,292,0.636774286
18390,4,293,1.678051608
18390,4,294,0.722343753
18390,4,295,1.132156981
18390,4,296,1.087024088
18390,4,297,1.061869523
18390,4,298,0.733297328
18390,4,299,1.468469083
18390,4,300,0.857847011
18390,4,301,0.635073398
18390,4,302,0.643378563
18390,4,303,0.362822207
18390,4,304,2.506074675
18390,4,305,0.930259964
18390,4,306,0.734255006
18390,4,307,1.012245807
18390,4,308,0.89072098
18390,4,309,1.278454227
18390,4,310,1.202268699
18390,4,311,0.80358641
18390,4,312,0.744457563
18390,4,313,1.737482019
18390,4,314,0.378343338
18390,4,315,0.494137276
18390,4,316,0.775049346
18390,4,317,0.212565389
18390,4,318,0.779186516
18390,4,319,1.863194822
18390,4,320,0.142977855
18390,4,321,1.513174977
18390,4,322,0.895463945
18390,4,323,0.710569579
18390,4,324,1.335532141
18390,4,325,1.123978454
18390,4,326,0.462435905
18390,4,327,1.177181079
18390,4,328,1.479756663
18390,4,329,0.233546566
18390,4,330,1.114668078
18390,4,331,0.134430909
18390,4,332,0.61448782
18390,4,333,1.83665501
18390,4,334,1.557691181
18390,4,335,0.736784019
18390,4,336,0.903647144
18390,4,337,1.533976275
18390,4,338,1.077371388
18390,4,339,0.764451507
18390,4,340,1.188838846
18390,4,341,0.587172893
18390,4,342,0.763678452
18390,4,343,0.801305979
18390,4,344,0.570413265
18390,4,345,1.836804165
18390,4,346,1.164089964
18390,4,347,0.932477776
18390,4,348,0.82861182
18390,4,349,0.950424254
18390,4,350,0.950139022
18390,4,351,0.468853817
18390,4,352,0.324791296
18390,4,353,0.548155116
18390,4,354,1.283023968
18390,4,355,0.315541637
18390,4,356,1.68165041
18390,4,357,2.281475399
18390,4,358,0.798899385
18390,4,359,0.721266504
18390,4,360,1.984703333
18390,4,361,2.008338126
18390,4,362,0.980147478
18390,4,363,1.705088334
18390,4,364,0.99475762
18390,4,365,1.317719128
18390,4,366,1.130304757
18390,4,367,1.245967956
18390,4,368,1.101280578
18390,4,369,0.610476828
18390,4,370,2.566281315
18390,4,371,0.827341425
18390,4,372,1.61178821
18390,4,373,0.995205989
18390,4,374,0.192247311
18390,4,375,1.12795063
18390,4,376,1.06516694
18390,4,377,0.370991634
18390,4,378,2.162565956
18390,4,379,0.472622375
18390,4,380,1.000181389
18390,4,381,1.123087511
18390,4,382,1.306332423
18390,4,383,0.674365622
18390,4,384,1.744712721
18390,4,385,1.38273713
18390,4,386,0.494439064
18390,4,387,1.337710619
18390,4,388,0.412766379
18390,4,389,0.779856134
18390,4,390,0.288661655
18390,4,391,1.222102098
18390,4,392,1.033615362
18390,4,393,1.139163661
18390,4,394,0.740636282
18390,4,395,1.240215203
18390,4,396,1.691670775
18390,4,397,1.041468864
18390,4,398,1.693201157
18390,4,399,0.555560995
18390,4,400,0.678803966
18058,2,232,1.272688512
18058,2,233,1.132265131
18058,2,234,1.133811142
18058,2,235,0.898929021
18058,2,236,0.968402069
18058,2,237,0.997776812
18058,2,238,1.306739201
18058,2,239,0.315956032
18058,2,240,0.801996039
18058,2,241,0.903825761
18058,2,242,1.29779864
18058,2,243,1.168663907
18058,2,244,0.798721235
18058,2,245,1.684095724
18058,2,246,1.276529311
18058,2,247,0.655740802
18058,2,248,0.408439572
18058,2,249,1.162784721
18058,2,250,1.584185282
18058,2,251,0.526775973
18058,2,252,0.543478146
18058,2,253,1.627997359
18058,2,254,0.716775303
18058,2,255,1.620382787
18058,2,256,1.033704024
18058,2,257,1.329734783
18058,2,258,1.094863617
18058,2,259,1.243044391
18058,2,260,1.638035826
18058,2,261,0.740320456
18058,2,262,1.684026774
18058,2,263,1.027977252
18058,2,264,0.947827639
18058,2,265,0.390528664
18058,2,266,1.076837974
18058,2,267,1.673830371
18058,2,268,0.694737104
18058,2,269,0.658618541
18058,2,270,2.271418769
18058,2,271,1.024576421
18058,2,272,0.885916179
18058,2,273,0.842048449
18058,2,274,1.239793841
18058,2,275,1.156516337
18058,2,276,1.450279986
18058,2,277,0.577309446
18058,2,278,2.447383733
18058,2,279,0.936176191
18058,2,280,1.084485328
18058,2,281,0.86225406
18058,2,282,0.704706286
18058,2,283,0.445749136
18058,2,284,0.326765694
18058,2,285,0.863884253
18058,2,286,0.487727684
18058,2,287,1.236237201
18058,2,288,2.241702256
18058,2,289,0.485278923
18058,2,290,1.158432132
18058,2,291,1.293791405
18058,2,292,1.32214561
18058,2,293,0.889857501
18058,2,294,0.905605222
18058,2,295,1.392066463
18058,2,296,0.465121179
18058,2,297,1.528781227
18058,2,298,0.510585586
18058,2,299,0.994897535
18058,2,300,1.015794591
18058,2,301,2.221967378
18058,2,302,0.51853054
18058,2,303,1.215741449
18058,2,304,0.810148136
18058,2,305,1.509781263
18058,2,306,0.808701305
18058,2,307,0.863884253
18058,2,308,0.601290251
18058,2,309,0.920937689
18058,2,310,1.489238817
18058,2,311,1.25682147
18058,2,312,1.316876949
18058,2,313,1.22857668
18058,2,314,0.470386367
18058,2,315,2.002222243
18058,2,316,0.522975641
18058,2,317,1.301601029
18058,2,318,1.224110927
18058,2,319,1.231076066
18058,2,320,1.215851645
18058,2,321,0.577564856
18058,2,322,0.956018961
18058,2,323,1.445693514
18058,2,324,1.292501746
18058,2,325,0.767852077
18058,2,326,1.026479934
18058,2,327,1.101340822
18058,2,328,1.431237768
18058,2,329,0.337106906
18058,2,330,2.993513689
18058,2,331,1.523905752
18058,2,332,1.395348495
18058,2,333,0.599527427
18058,2,334,1.011737133
18058,2,335,2.461402659
18058,2,336,0.983017477
18058,2,337,1.103220265
18058,2,338,2.058669673
18058,2,339,1.903644882
18058,2,340,1.177808506
18058,2,341,0.417442926
18058,2,342,0.705544284
18058,2,343,0.406046327
18058,2,344,1.176438586
18058,2,345,1.584840163
18058,2,346,1.73642198
18058,2,347,0.492402482
18058,2,348,0.912589035
18058,2,349,0.758120482
18058,2,350,0.51792921
18058,2,351,0.380430628
18058,2,352,1.694252476
18058,2,353,1.085928439
18058,2,354,0.814566868
18058,2,355,0.675990117
18058,2,356,1.046213499
18058,2,357,1.309002631
18058,2,358,0.412296378
18058,2,359,0.639864524
18058,2,360,0.720478919
18058,2,361,1.121499879
18058,2,362,1.033924938
18058,2,363,1.004149611
18058,2,364,1.613914831
18058,2,365,0.759786613
18058,2,366,0.882020748
18058,2,367,0.86388589
18058,2,368,0.778866249
18058,2,369,0.87712257
18058,2,370,0.955347435
18058,2,371,0.759341772
18058,2,372,0.494009086
18058,2,373,1.114033651
18058,2,374,0.826608499
18058,2,375,0.935505291
18058,2,376,0.544553103
18058,2,377,0.574137459
18058,2,378,0.649548742
18058,2,379,0.620142612
18058,2,380,0.917378495
18058,2,381,0.65454019
18058,2,382,0.94283681
18058,2,383,1.529036188
18058,2,384,1.051739815
18058,2,385,0.778630676
18058,2,386,1.327612005
18058,2,387,1.389600096
18058,2,388,0.732207616
18058,2,389,1.401932809
18058,2,390,1.117852037
18058,2,391,1.751018011
18058,2,392,0.957749391
18058,2,393,1.282794611
18058,2,394,1.644614686
18058,2,395,0.953089844
18058,2,396,0.661477023
18058,2,397,0.936508344
18058,2,398,0.496718163
18058,2,399,1.334902414
18058,2,400,1.329788414
18058,2,401,2.153877508
18058,2,402,0.907394465
18058,2,403,1.028041582
